,STATEFP,COUNTYFP,GEOID,NAME,NAMELSAD,DEV_RATIO,COUNT
0,40,035,40035,Craig,Craig County,0.039166584286626054,2195111
1,40,031,40031,Comanche,Comanche County,0.07397604995482031,3118658
2,46,015,46015,Brule,Brule County,0.029849073566629924,2435955
3,49,019,49019,Grand,Grand County,0.004595643204215487,10600910
4,46,047,46047,Fall River,Fall River County,0.00905589291624665,5033518
5,40,067,40067,Jefferson,Jefferson County,0.02484915928268006,2227681
6,41,055,41055,Sherman,Sherman County,0.021613926828962387,2391930
7,53,071,53071,Walla Walla,Walla Walla County,0.042466259477212824,3738309
8,49,031,49031,Piute,Piute County,0.02476497236210207,2203677
9,40,113,40113,Osage,Osage County,0.03501105675822666,6630334
10,36,123,36123,Yates,Yates County,0.06182103662934564,1081428
11,36,071,36071,Orange,Orange County,0.16680492010995085,2413442
12,46,037,46037,Day,Day County,0.030481448795605687,3139877
13,46,057,46057,Hamlin,Hamlin County,0.03836258669456391,1548540
14,53,045,53045,Mason,Mason County,0.0753978178770628,2882789
15,49,049,49049,Utah,Utah County,0.07918470304460055,6170169
16,41,027,41027,Hood River,Hood River County,0.027638623289572995,1534266
17,41,021,41021,Gilliam,Gilliam County,0.01748439339998818,3519024
18,49,015,49015,Emery,Emery County,0.007480385599832279,12868989
19,49,017,49017,Garfield,Garfield County,0.008395812982258343,14987947
20,46,021,46021,Campbell,Campbell County,0.025635639159907297,2218279
21,40,027,40027,Cleveland,Cleveland County,0.17114924321106653,1605996
22,41,017,41017,Deschutes,Deschutes County,0.033432598737491485,8790911
23,36,019,36019,Clinton,Clinton County,0.05329367778185155,3215691
24,38,041,38041,Hettinger,Hettinger County,0.029322070781216958,3262730
25,35,013,35013,Doña Ana,Doña Ana County,0.026077208432377715,10977402
26,05,035,05035,Crittenden,Crittenden County,0.06704729059359095,1831379
27,46,011,46011,Brookings,Brookings County,0.052126747466060885,2316354
28,38,043,38043,Kidder,Kidder County,0.02842637501212533,4123600
29,36,029,36029,Erie,Erie County,0.24720768863367348,3033777
30,34,029,34029,Ocean,Ocean County,0.25516682581071654,2178320
31,22,031,22031,De Soto,De Soto Parish,0.05492631560956168,2574358
32,35,023,35023,Hidalgo,Hidalgo County,0.004827274281210812,9916155
33,30,037,30037,Golden Valley,Golden Valley County,0.0038907344924498303,3385222
34,05,041,05041,Desha,Desha County,0.029619192711104855,2358437
35,53,073,53073,Whatcom,Whatcom County,0.046696262430373,6239857
36,36,035,36035,Fulton,Fulton County,0.05534166715574075,1533510
37,05,039,05039,Dallas,Dallas County,0.04746563194057954,1922570
38,16,019,16019,Bonneville,Bonneville County,0.03010980733438399,5469580
39,40,025,40025,Cimarron,Cimarron County,0.022939477155470855,5297636
40,40,019,40019,Carter,Carter County,0.06513142319837018,2399272
41,35,021,35021,Harding,Harding County,0.0037364482443319066,6117842
42,30,039,30039,Granite,Granite County,0.005752845394786308,4987445
43,36,045,36045,Jefferson,Jefferson County,0.07060953623948604,3873896
44,30,029,30029,Flathead,Flathead County,0.01227746812199632,15126653
45,53,029,53029,Island,Island County,0.22924413024035958,610502
46,05,055,05055,Greene,Greene County,0.06081249610276236,1667848
47,36,047,36047,Kings,Kings County,0.7800625255088087,237663
48,36,053,36053,Madison,Madison County,0.06830207714821684,1903090
49,46,027,46027,Clay,Clay County,0.04860955534586848,1200731
50,09,015,09015,Windham,Windham County,0.09722873179828084,1499927
51,46,029,46029,Codington,Codington County,0.053647243065872395,2063778
52,05,045,05045,Faulkner,Faulkner County,0.09591241700923468,1911056
53,38,035,38035,Grand Forks,Grand Forks County,0.056932765857189996,4142553
54,05,147,05147,Woodruff,Woodruff County,0.031972907706491575,1709416
55,22,033,22033,East Baton Rouge,East Baton Rouge Parish,0.3586186052148518,1353212
56,38,031,38031,Foster,Foster County,0.03948155876193843,1861426
57,38,033,38033,Golden Valley,Golden Valley County,0.017965958798067824,2884622
58,38,055,38055,McLean,McLean County,0.02951250144414495,6699466
59,40,147,40147,Washington,Washington County,0.07710422133882477,1221295
60,16,017,16017,Bonner,Bonner County,0.01570339511877566,5523901
61,16,025,16025,Camas,Camas County,0.00667199154889659,3104920
62,05,057,05057,Hempstead,Hempstead County,0.047916527962326184,2132834
63,41,047,41047,Marion,Marion County,0.09770762224999614,3431677
64,05,043,05043,Drew,Drew County,0.04096139347912779,2404801
65,46,033,46033,Custer,Custer County,0.008949422413005347,4486770
66,16,011,16011,Bingham,Bingham County,0.023607684687596497,6101276
67,46,055,46055,Haakon,Haakon County,0.010827046103058461,5257482
68,05,033,05033,Crawford,Crawford County,0.06790501912914647,1738708
69,05,051,05051,Garland,Garland County,0.10513021962870342,2114159
70,05,037,05037,Cross,Cross County,0.04006504217578586,1790838
71,22,113,22113,Vermilion,Vermilion Parish,0.04030228793875307,3729689
72,41,033,41033,Josephine,Josephine County,0.06054899932294161,4724851
73,46,045,46045,Edmunds,Edmunds County,0.028053842946901802,3312523
74,49,027,49027,Millard,Millard County,0.009315560607762438,19649059
75,40,153,40153,Woodward,Woodward County,0.03912474258570136,3586145
76,22,007,22007,Assumption,Assumption Parish,0.05369826137437121,1049047
77,16,005,16005,Bannock,Bannock County,0.04206400665281068,3302063
78,16,001,16001,Ada,Ada County,0.13373019474870232,3051779
79,30,001,30001,Beaverhead,Beaverhead County,0.006394841070372376,16034644
80,35,003,35003,Catron,Catron County,0.002936685611855305,19940507
81,34,007,34007,Camden,Camden County,0.5228261634004715,654074
82,22,001,22001,Acadia,Acadia Parish,0.09217158837268426,1891993
83,38,017,38017,Cass,Cass County,0.0742586498548808,5087542
84,40,023,40023,Choctaw,Choctaw County,0.03150361231511957,2300879
85,30,003,30003,Big Horn,Big Horn County,0.007024979228441409,14430790
86,34,009,34009,Cape May,Cape May County,0.18805868204815954,822807
87,38,063,38063,Nelson,Nelson County,0.03317755930911975,2903137
88,40,095,40095,Marshall,Marshall County,0.04733416194366915,1228563
89,40,003,40003,Alfalfa,Alfalfa County,0.04486126049969562,2536264
90,05,029,05029,Conway,Conway County,0.056481442871614745,1630748
91,53,001,53001,Adams,Adams County,0.030508289021801974,5553671
92,38,009,38009,Bottineau,Bottineau County,0.03670012341543831,4884316
93,49,003,49003,Box Elder,Box Elder County,0.00863181912704082,19365327
94,53,007,53007,Chelan,Chelan County,0.027489689886455275,8615812
95,46,003,46003,Aurora,Aurora County,0.036855363880534286,2051099
96,41,001,41001,Baker,Baker County,0.014800907740400828,8887563
97,41,009,41009,Columbia,Columbia County,0.0738860699488653,1980847
98,22,019,22019,Calcasieu,Calcasieu Parish,0.1473365182233547,3149036
99,05,031,05031,Craighead,Craighead County,0.09270634239575613,2050960
100,16,013,16013,Blaine,Blaine County,0.009901561132929743,7646370
101,22,009,22009,Avoyelles,Avoyelles Parish,0.05046452651851162,2491354
102,30,007,30007,Broadwater,Broadwater County,0.013044993065560747,3564816
103,36,007,36007,Broome,Broome County,0.10686208042022569,2059084
104,36,005,36005,Bronx,Bronx County,0.7809742779134933,139180
105,09,013,09013,Tolland,Tolland County,0.13261993677583417,1200174
106,35,005,35005,Chaves,Chaves County,0.009482669074222707,17482736
107,46,009,46009,Bon Homme,Bon Homme County,0.04005644259886864,1673913
108,40,001,40001,Adair,Adair County,0.041876645027027974,1660687
109,44,005,44005,Newport,Newport County,0.3228763066037587,317713
110,30,005,30005,Blaine,Blaine County,0.006511537385388359,12198041
111,36,001,36001,Albany,Albany County,0.21060570520088093,1534740
112,36,003,36003,Allegany,Allegany County,0.05503665941596889,2976725
113,38,005,38005,Benson,Benson County,0.030975975327173014,4142533
114,38,021,38021,Dickey,Dickey County,0.03432696046484882,3286746
115,53,013,53013,Columbia,Columbia County,0.022535127221806724,2513720
116,22,027,22027,Claiborne,Claiborne Parish,0.047986491785582,2208434
117,38,023,38023,Divide,Divide County,0.035327363139193275,3724167
118,34,023,34023,Middlesex,Middlesex County,0.6041999355979207,913014
119,16,021,16021,Boundary,Boundary County,0.010646803293979693,3677254
120,49,013,49013,Duchesne,Duchesne County,0.018418710284722653,9369820
121,40,011,40011,Blaine,Blaine County,0.04206194862562175,2701658
122,46,019,46019,Butte,Butte County,0.009056204213594992,6522269
123,34,019,34019,Hunterdon,Hunterdon County,0.15585013933064099,1258876
124,35,009,35009,Curry,Curry County,0.04575671529991325,4051755
125,41,011,41011,Coos,Coos County,0.05877888174323794,4682413
126,40,007,40007,Beaver,Beaver County,0.03703595363364893,5230431
127,30,013,30013,Cascade,Cascade County,0.023436204419599205,7802970
128,34,037,34037,Sussex,Sussex County,0.11666630999605068,1542039
129,34,005,34005,Burlington,Burlington County,0.21008454651457026,2359293
130,30,011,30011,Carter,Carter County,0.003916307504031661,9635607
131,22,101,22101,St. Mary,St. Mary Parish,0.05124965785425063,2118980
132,30,025,30025,Fallon,Fallon County,0.007492305373478417,4670792
133,30,075,30075,Powder River,Powder River County,0.003451645822236763,9490545
134,22,107,22107,Tensas,Tensas Parish,0.031056102587836934,1845209
135,30,053,30053,Lincoln,Lincoln County,0.009464895347137259,10574866
136,38,003,38003,Barnes,Barnes County,0.034759408017321844,4355195
137,30,047,30047,Lake,Lake County,0.019474708199822947,4758993
138,05,081,05081,Little River,Little River County,0.03885762806767105,1625215
139,46,101,46101,Moody,Moody County,0.04203673852821709,1498808
140,22,123,22123,West Carroll,West Carroll Parish,0.045203456995713445,1037664
141,30,109,30109,Wibaux,Wibaux County,0.010273517969285648,2561148
142,46,091,46091,Marshall,Marshall County,0.029427691202551523,2550319
143,35,051,35051,Sierra,Sierra County,0.0051062694653452876,12190896
144,22,127,22127,Winn,Winn Parish,0.051349889831964236,2753521
145,16,081,16081,Teton,Teton County,0.03517482911193737,1296609
146,05,097,05097,Montgomery,Montgomery County,0.040739161508995494,2303042
147,46,087,46087,McCook,McCook County,0.042639600024094934,1660100
148,44,003,44003,Kent,Kent County,0.3293865242968016,505725
149,46,005,46005,Beadle,Beadle County,0.0408316670430587,3639822
150,53,003,53003,Asotin,Asotin County,0.030438966389991527,1843558
151,22,071,22071,Orleans,Orleans Parish,0.22458367008910307,1002210
152,05,075,05075,Lawrence,Lawrence County,0.0460499956296501,1704669
153,05,123,05123,St. Francis,St. Francis County,0.047106651804715696,1849017
154,05,009,05009,Boone,Boone County,0.058105354568303555,1731923
155,16,083,16083,Twin Falls,Twin Falls County,0.029807338657636292,5549271
156,22,095,22095,St. John the Baptist,St. John the Baptist Parish,0.05871635238628974,1179467
157,40,081,40081,Lincoln,Lincoln County,0.04820454210956811,2778929
158,05,053,05053,Grant,Grant County,0.05440830827494918,1821413
159,34,027,34027,Morris,Morris County,0.3198313825305029,1386096
160,49,021,49021,Iron,Iron County,0.01860404076292406,9501968
161,05,011,05011,Bradley,Bradley County,0.04579049638437257,1878927
162,05,021,05021,Clay,Clay County,0.04370320048799885,1845906
163,16,075,16075,Payette,Payette County,0.036938630140235004,1180661
164,53,009,53009,Clallam,Clallam County,0.04660578666344286,5103701
165,16,065,16065,Madison,Madison County,0.038916351652612195,1361844
166,38,029,38029,Emmons,Emmons County,0.028849035248162843,4474985
167,49,023,49023,Juab,Juab County,0.010891231927347037,9802656
168,36,093,36093,Schenectady,Schenectady County,0.23336778762001623,602731
169,40,077,40077,Latimer,Latimer County,0.027202496084377262,2098006
170,36,069,36069,Ontario,Ontario County,0.08922847922308222,1906611
171,36,039,36039,Greene,Greene County,0.0629833816516959,1893690
172,36,091,36091,Saratoga,Saratoga County,0.12400603718262065,2428285
173,35,027,35027,Lincoln,Lincoln County,0.005851011072176615,13903409
174,46,069,46069,Hyde,Hyde County,0.019617385164397604,2492585
175,09,005,09005,Litchfield,Litchfield County,0.09587899130974778,2718218
176,05,019,05019,Clark,Clark County,0.04326325687280794,2540701
177,53,027,53027,Grays Harbor,Grays Harbor County,0.056370634892150884,5572600
178,38,001,38001,Adams,Adams County,0.03037353369844507,2845339
179,36,025,36025,Delaware,Delaware County,0.04525551420746847,4222955
180,49,029,49029,Morgan,Morgan County,0.018250753740258262,1757900
181,35,019,35019,Guadalupe,Guadalupe County,0.005118358164030003,8724282
182,09,007,09007,Middlesex,Middlesex County,0.1788740148328088,1109837
183,05,003,05003,Ashley,Ashley County,0.05120409482018105,2706639
184,41,029,41029,Jackson,Jackson County,0.04618421294167085,8062452
185,41,013,41013,Crook,Crook County,0.011210115776948812,8596789
186,46,123,46123,Tripp,Tripp County,0.02669655029295721,4654946
187,46,051,46051,Grant,Grant County,0.04094810157292467,1978480
188,40,005,40005,Atoka,Atoka County,0.027881296622965297,2849186
189,36,027,36027,Dutchess,Dutchess County,0.15270259005054804,2375166
190,40,085,40085,Love,Love County,0.035918896939903695,1532174
191,40,137,40137,Stephens,Stephens County,0.05246320753209095,2565131
192,49,053,49053,Washington,Washington County,0.027421648296377527,6992541
193,22,119,22119,Webster,Webster Parish,0.08081495996016645,1769363
194,22,003,22003,Allen,Allen Parish,0.05493705780990397,2204086
195,36,021,36021,Columbia,Columbia County,0.07720882463143597,1865551
196,41,035,41035,Klamath,Klamath County,0.014968745380619927,17656590
197,41,041,41041,Lincoln,Lincoln County,0.061180020407341745,2856815
198,22,037,22037,East Feliciana,East Feliciana Parish,0.03933133377959876,1311626
199,46,119,46119,Sully,Sully County,0.021076342814917073,3080041
200,41,063,41063,Wallowa,Wallowa County,0.0055794236536073636,9069754
201,16,047,16047,Gooding,Gooding County,0.028618085478213675,2111462
202,40,071,40071,Kay,Kay County,0.05760455511742835,2719403
203,46,017,46017,Buffalo,Buffalo County,0.015076060688963363,1403616
204,22,043,22043,Grant,Grant Parish,0.05347322391572687,1912733
205,34,015,34015,Gloucester,Gloucester County,0.3211134069490032,970355
206,22,089,22089,St. Charles,St. Charles Parish,0.07982545841679858,1142192
207,30,063,30063,Missoula,Missoula County,0.02010746578935808,7534863
208,38,051,38051,McIntosh,McIntosh County,0.031275053141041655,2862665
209,22,021,22021,Caldwell,Caldwell Parish,0.042222285058422675,1556074
210,22,059,22059,LaSalle,LaSalle Parish,0.052679593936217704,1906203
211,30,023,30023,Deer Lodge,Deer Lodge County,0.014957190825493658,2132954
212,22,067,22067,Morehouse,Morehouse Parish,0.04060276915834588,2319694
213,40,043,40043,Dewey,Dewey County,0.03151734182738339,2901482
214,22,015,22015,Bossier,Bossier Parish,0.09144899536786019,2495391
215,38,049,38049,McHenry,McHenry County,0.03426140195563376,5501030
216,16,045,16045,Gem,Gem County,0.021525871833744076,1627948
217,22,025,22025,Catahoula,Catahoula Parish,0.036904282996593755,2127856
218,40,127,40127,Pushmataha,Pushmataha County,0.025050742063760508,4094729
219,22,075,22075,Plaquemines,Plaquemines Parish,0.024712409109567273,3432567
220,49,001,49001,Beaver,Beaver County,0.011516368039052514,7459904
221,05,049,05049,Fulton,Fulton County,0.046241119972932794,1785186
222,05,121,05121,Randolph,Randolph County,0.04042820291436471,1887890
223,34,031,34031,Passaic,Passaic County,0.37267178238164694,567011
224,49,007,49007,Carbon,Carbon County,0.02738555393948359,4272362
225,30,051,30051,Liberty,Liberty County,0.02199849478674625,4164194
226,40,117,40117,Pawnee,Pawnee County,0.04502032276892103,1711627
227,30,087,30087,Rosebud,Rosebud County,0.0048619481305559546,14466012
228,35,039,35039,Rio Arriba,Rio Arriba County,0.0078927738358994,16967799
229,40,093,40093,Major,Major County,0.036935802273876536,2756702
230,34,035,34035,Somerset,Somerset County,0.40648905001311036,877170
231,22,115,22115,Vernon,Vernon Parish,0.06007891193537842,3860506
232,30,049,30049,Lewis and Clark,Lewis and Clark County,0.013296082248043786,10065747
233,22,103,22103,St. Tammany,St. Tammany Parish,0.11590806226389379,3110888
234,22,065,22065,Madison,Madison Parish,0.03511746573404472,1873142
235,16,049,16049,Idaho,Idaho County,0.0033320946987050893,24470493
236,41,057,41057,Tillamook,Tillamook County,0.054311129668038256,3238084
237,22,049,22049,Jackson,Jackson Parish,0.05703068672046604,1669908
238,22,041,22041,Franklin,Franklin Parish,0.03938853386151782,1828654
239,22,013,22013,Bienville,Bienville Parish,0.05296533510078893,2365736
240,22,017,22017,Caddo,Caddo Parish,0.14828820482274913,2696263
241,16,031,16031,Cassia,Cassia County,0.017564582583098624,7425454
242,46,099,46099,Minnehaha,Minnehaha County,0.11024094070629828,2342070
243,46,111,46111,Sanborn,Sanborn County,0.035132239293456775,1641683
244,22,035,22035,East Carroll,East Carroll Parish,0.02964114888904597,1273230
245,46,063,46063,Harding,Harding County,0.006483774992117484,7706930
246,46,031,46031,Corson,Corson County,0.010380307225004829,7279746
247,40,041,40041,Delaware,Delaware County,0.057202166983328334,2280036
248,30,069,30069,Petroleum,Petroleum County,0.0018587040309151496,4816797
249,36,043,36043,Herkimer,Herkimer County,0.033011590879353375,4195799
250,38,007,38007,Billings,Billings County,0.009127174922908404,3319428
251,40,079,40079,Le Flore,Le Flore County,0.034967000321442274,4629136
252,36,067,36067,Onondaga,Onondaga County,0.20112552585142318,2318383
253,40,009,40009,Beckham,Beckham County,0.04708534832048098,2601340
254,46,085,46085,Lyman,Lyman County,0.017032610430516966,4912048
255,34,017,34017,Hudson,Hudson County,0.7085419611413238,166964
256,16,009,16009,Benewah,Benewah County,0.015869582369612955,2256014
257,09,001,09001,Fairfield,Fairfield County,0.41124206468262714,1883195
258,46,135,46135,Yankton,Yankton County,0.052397735196642495,1531612
259,35,055,35055,Taos,Taos County,0.010149169973060184,6343770
260,40,109,40109,Oklahoma,Oklahoma County,0.3989682393800729,2067340
261,40,105,40105,Nowata,Nowata County,0.03589768752161628,1671194
262,22,011,22011,Beauregard,Beauregard Parish,0.05062632393586629,3355053
263,38,069,38069,Pierce,Pierce County,0.03538104915738003,3114690
264,30,055,30055,McCone,McCone County,0.006532209886669157,7720052
265,22,085,22085,Sabine,Sabine Parish,0.048362058274799634,2911001
266,30,093,30093,Silver Bow,Silver Bow County,0.03356986517057017,2069207
267,44,007,44007,Providence,Providence County,0.3071220347614997,1244883
268,34,033,34033,Salem,Salem County,0.10734241173700301,1002232
269,49,055,49055,Wayne,Wayne County,0.007506021850685153,7097901
270,40,149,40149,Washita,Washita County,0.042966623998809524,2903044
271,05,001,05001,Arkansas,Arkansas County,0.03771644163101324,2974936
272,22,005,22005,Ascension,Ascension Parish,0.2282108104448099,871361
273,05,111,05111,Poinsett,Poinsett County,0.04688599281533481,2197458
274,34,001,34001,Atlantic,Atlantic County,0.1672709219599734,1756432
275,22,057,22057,Lafourche,Lafourche Parish,0.04538888245233733,3573342
276,22,081,22081,Red River,Red River Parish,0.045208518841273145,1157857
277,05,017,05017,Chicot,Chicot County,0.03218189473514766,1987919
278,53,011,53011,Clark,Clark County,0.2668485392125611,1888502
279,40,057,40057,Harmon,Harmon County,0.03456537656397669,1550135
280,05,015,05015,Carroll,Carroll County,0.05369638249078543,1838392
281,22,061,22061,Lincoln,Lincoln Parish,0.09592778883839495,1359679
282,16,003,16003,Adams,Adams County,0.005872581546156426,3941878
283,38,019,38019,Cavalier,Cavalier County,0.03154767822491264,4345296
284,05,091,05091,Miller,Miller County,0.06975891270939827,1835020
285,38,027,38027,Eddy,Eddy County,0.031450537842662614,1853609
286,35,017,35017,Grant,Grant County,0.008835248857582651,11417675
287,34,025,34025,Monmouth,Monmouth County,0.44591621407073634,1400808
288,05,107,05107,Phillips,Phillips County,0.03782445032934136,2093117
289,09,003,09003,Hartford,Hartford County,0.39635672081726336,2160087
290,05,025,05025,Cleveland,Cleveland County,0.03848691866117014,1723027
291,53,017,53017,Douglas,Douglas County,0.03477390981204405,5320023
292,53,005,53005,Benton,Benton County,0.06578436887263492,5064881
293,46,079,46079,Lake,Lake County,0.044687144674819684,1655174
294,53,063,53063,Spokane,Spokane County,0.11874848886546312,5124461
295,44,001,44001,Bristol,Bristol County,0.5615877143487967,81526
296,38,013,38013,Burke,Burke County,0.03463102188972151,3248648
297,35,025,35025,Lea,Lea County,0.02501257382177754,12645320
298,30,041,30041,Hill,Hill County,0.021108338835975734,8391423
299,46,007,46007,Bennett,Bennett County,0.016740260922967713,3425992
300,49,005,49005,Cache,Cache County,0.049937893865904665,3375673
301,40,099,40099,Murray,Murray County,0.04555081368764105,1223381
302,40,015,40015,Caddo,Caddo County,0.0407750082282071,3712838
303,40,143,40143,Tulsa,Tulsa County,0.40852527223493723,1689166
304,40,029,40029,Coal,Coal County,0.031237438797990874,1500155
305,30,035,30035,Glacier,Glacier County,0.00927705539881349,8739411
306,40,083,40083,Logan,Logan County,0.059117076833266974,2154978
307,46,109,46109,Roberts,Roberts County,0.03609246794219698,3268549
308,41,067,41067,Washington,Washington County,0.20406412865913892,2090485
309,41,025,41025,Harney,Harney County,0.005594622969487343,29429329
310,46,065,46065,Hughes,Hughes County,0.03337068382648425,2304298
311,40,135,40135,Sequoyah,Sequoyah County,0.04840358624381105,2055075
312,05,005,05005,Baxter,Baxter County,0.07370992673840815,1688470
313,38,067,38067,Pembina,Pembina County,0.04317236343983122,3226856
314,30,033,30033,Garfield,Garfield County,0.0032567548164408773,13950083
315,40,059,40059,Harper,Harper County,0.027307117281278194,2995849
316,40,129,40129,Roger Mills,Roger Mills County,0.02873606246561557,3299095
317,16,053,16053,Jerome,Jerome County,0.04510892899187014,1732872
318,36,055,36055,Monroe,Monroe County,0.3166054080315101,1918369
319,30,079,30079,Prairie,Prairie County,0.007140016838985082,5014554
320,05,149,05149,Yell,Yell County,0.03639368049194863,2730529
321,38,039,38039,Griggs,Griggs County,0.032400379092486734,2061766
322,40,053,40053,Grant,Grant County,0.04042694936053163,2888024
323,38,097,38097,Traill,Traill County,0.04396577946002131,2482135
324,36,059,36059,Nassau,Nassau County,0.7383345808341978,907147
325,38,087,38087,Slope,Slope County,0.01685317998026461,3508418
326,53,047,53047,Okanogan,Okanogan County,0.02532448384331669,15294290
327,46,125,46125,Turner,Turner County,0.04323608486545755,1777543
328,16,007,16007,Bear Lake,Bear Lake County,0.016711193870972977,3020251
329,30,073,30073,Pondera,Pondera County,0.016198599294349497,4719050
330,16,015,16015,Boise,Boise County,0.004950245133908304,5487001
331,38,061,38061,Mountrail,Mountrail County,0.03637520801557526,5587322
332,16,079,16079,Shoshone,Shoshone County,0.006362384155626382,7584421
333,30,017,30017,Custer,Custer County,0.00564165939888748,10915760
334,40,119,40119,Payne,Payne County,0.07947811962326255,2005747
335,46,073,46073,Jerauld,Jerauld County,0.02998988203536134,1532917
336,46,053,46053,Gregory,Gregory County,0.025552629921093625,3031821
337,05,143,05143,Washington,Washington County,0.1011137901810324,2741001
338,46,025,46025,Clark,Clark County,0.029339234199547162,2784224
339,41,005,41005,Clackamas,Clackamas County,0.0748587601906036,5417736
340,41,003,41003,Benton,Benton County,0.08367714056164027,1952887
341,40,145,40145,Wagoner,Wagoner County,0.08488719044436706,1699856
342,05,115,05115,Pope,Pope County,0.05781028639118001,2390751
343,05,023,05023,Cleburne,Cleburne County,0.05588597722526813,1703379
344,05,113,05113,Polk,Polk County,0.04580610928084183,2482027
345,46,039,46039,Deuel,Deuel County,0.0336234915720186,1831874
346,38,079,38079,Rolette,Rolette County,0.03596308689451575,2703105
347,36,111,36111,Ulster,Ulster County,0.07547405353946006,3340340
348,38,037,38037,Grant,Grant County,0.020844227725847406,4794133
349,46,115,46115,Spink,Spink County,0.036626599310789924,4344684
350,49,025,49025,Kane,Kane County,0.006051292114019315,11823260
351,46,043,46043,Douglas,Douglas County,0.03976580259565852,1248007
352,41,007,41007,Clatsop,Clatsop County,0.06050146169155969,2458453
353,36,031,36031,Essex,Essex County,0.02679907169956664,5514594
354,38,011,38011,Bowman,Bowman County,0.020015715297642317,3358511
355,05,027,05027,Columbia,Columbia County,0.04632667276663453,2206569
356,35,037,35037,Quay,Quay County,0.01573518514163813,8292435
357,30,031,30031,Gallatin,Gallatin County,0.026530540037145608,7574516
358,30,089,30089,Sanders,Sanders County,0.0066738391682356,8028812
359,35,007,35007,Colfax,Colfax County,0.00723358638544301,10844275
360,53,037,53037,Kittitas,Kittitas County,0.04242799097952999,6714506
361,46,117,46117,Stanley,Stanley County,0.014511777262691134,4366040
362,53,065,53065,Stevens,Stevens County,0.016200069753605648,7311450
363,38,025,38025,Dunn,Dunn County,0.018756117894167628,5991645
364,41,037,41037,Lake,Lake County,0.008764161950451134,24053184
365,46,071,46071,Jackson,Jackson County,0.014453087353047187,5385147
366,16,087,16087,Washington,Washington County,0.009609141914899689,4240337
367,53,061,53061,Snohomish,Snohomish County,0.12094191528962062,6077744
368,46,137,46137,Ziebach,Ziebach County,0.006519982634070162,5670874
369,49,009,49009,Daggett,Daggett County,0.012142892962397197,2073888
370,53,021,53021,Franklin,Franklin County,0.04668236247878855,3641311
371,16,057,16057,Latah,Latah County,0.029029320694858005,3099108
372,05,087,05087,Madison,Madison County,0.04088464308919293,2408655
373,53,051,53051,Pend Oreille,Pend Oreille County,0.012226484613212804,4101506
374,16,069,16069,Nez Perce,Nez Perce County,0.041433932800581774,2464188
375,05,079,05079,Lincoln,Lincoln County,0.03524052502479311,1646627
376,05,013,05013,Calhoun,Calhoun County,0.05012965560898572,1819821
377,34,013,34013,Essex,Essex County,0.7971349761828812,373051
378,16,067,16067,Minidoka,Minidoka County,0.0344668956473776,2195527
379,16,043,16043,Fremont,Fremont County,0.011246006155515676,5455270
380,30,083,30083,Richland,Richland County,0.01807799420806298,6052552
381,35,059,35059,Union,Union County,0.00699244244389977,11024331
382,38,059,38059,Morton,Morton County,0.027902690761416677,5598564
383,05,109,05109,Pike,Pike County,0.05262669478554077,1767259
384,46,105,46105,Perkins,Perkins County,0.008821523145721606,8316591
385,30,057,30057,Madison,Madison County,0.007803842457042793,10367585
386,38,083,38083,Sheridan,Sheridan County,0.028890443061200373,2894002
387,36,105,36105,Sullivan,Sullivan County,0.06724233625909594,2868312
388,35,035,35035,Otero,Otero County,0.007105174120625055,19072439
389,53,077,53077,Yakima,Yakima County,0.045581256120895995,12407293
390,49,043,49043,Summit,Summit County,0.02283147853266409,5415856
391,46,129,46129,Walworth,Walworth County,0.029604335952302285,2142828
392,46,035,46035,Davison,Davison County,0.05824011860222443,1257312
393,36,009,36009,Cattaraugus,Cattaraugus County,0.05199357716662239,3805797
394,05,101,05101,Newton,Newton County,0.039834493960895355,2368977
395,36,085,36085,Richmond,Richmond County,0.7118992893496259,170548
396,53,019,53019,Ferry,Ferry County,0.0075370714954172404,6495759
397,41,019,41019,Douglas,Douglas County,0.032021618317178764,14591330
398,40,091,40091,McIntosh,McIntosh County,0.040268783789453345,2049826
399,36,061,36061,New York,New York County,0.6649187889600853,91921
400,36,015,36015,Chemung,Chemung County,0.10828051879498259,1182124
401,46,103,46103,Pennington,Pennington County,0.026118874896131797,8012558
402,41,061,41061,Union,Union County,0.015936327647173534,5866408
403,40,103,40103,Noble,Noble County,0.04461934395678608,2136719
404,40,115,40115,Ottawa,Ottawa County,0.07076836146848724,1394578
405,13,015,13015,Bartow,Bartow County,0.15244587975018978,1352867
406,13,059,13059,Clarke,Clarke County,0.37548339309655804,348319
407,13,299,13299,Ware,Ware County,0.051908404542267646,2612968
408,39,127,39127,Perry,Perry County,0.0615728065372141,1187050
409,13,201,13201,Miller,Miller County,0.04326249909655416,816319
410,28,063,28063,Jefferson,Jefferson County,0.029752120584998057,1517270
411,13,303,13303,Washington,Washington County,0.04540907775346166,1969430
412,21,131,21131,Leslie,Leslie County,0.04407104980084473,1163916
413,28,143,28143,Tunica,Tunica County,0.03795588041826717,1383422
414,28,139,28139,Tippah,Tippah County,0.05377816055482526,1323660
415,21,125,21125,Laurel,Laurel County,0.11372315297478823,1276864
416,21,157,21157,Marshall,Marshall County,0.0825503355704698,978930
417,13,199,13199,Meriwether,Meriwether County,0.049082538530081515,1454448
418,13,107,13107,Emanuel,Emanuel County,0.06145740243328357,1986205
419,28,091,28091,Marion,Marion County,0.05421325790061072,1578802
420,21,239,21239,Woodford,Woodford County,0.07375132991235245,552668
421,13,097,13097,Douglas,Douglas County,0.2803229888395635,578472
422,13,103,13103,Effingham,Effingham County,0.07466690267880978,1389759
423,21,189,21189,Owsley,Owsley County,0.04589561197362172,570621
424,13,065,13065,Clinch,Clinch County,0.03723517983333045,2371279
425,21,235,21235,Whitley,Whitley County,0.07790877594005624,1280934
426,13,111,13111,Fannin,Fannin County,0.06732489545699846,1128483
427,28,147,28147,Walthall,Walthall County,0.052475643980209284,1163778
428,13,135,13135,Gwinnett,Gwinnett County,0.6209147986914627,1256976
429,21,207,21207,Russell,Russell County,0.0651613093439276,814026
430,13,215,13215,Muscogee,Muscogee County,0.33910944796465464,636010
431,28,051,28051,Holmes,Holmes County,0.03861791019543006,2200378
432,28,021,28021,Claiborne,Claiborne County,0.028328774910998104,1442385
433,13,161,13161,Jeff Davis,Jeff Davis County,0.06233766233766234,965195
434,39,153,39153,Summit,Summit County,0.5584448883209475,1209045
435,21,161,21161,Mason,Mason County,0.061593891235219876,709145
436,13,225,13225,Peach,Peach County,0.11390977616293758,435406
437,21,195,21195,Pike,Pike County,0.053222257373462145,2269558
438,13,077,13077,Coweta,Coweta County,0.14296537285792008,1282982
439,13,293,13293,Upson,Upson County,0.0646136284310574,942603
440,28,137,28137,Tate,Tate County,0.05192475012112393,1182673
441,28,129,28129,Smith,Smith County,0.04115669293828841,1833918
442,13,099,13099,Early,Early County,0.04296591611134366,1485922
443,21,205,21205,Rowan,Rowan County,0.07093598451052155,823785
444,28,083,28083,Leflore,Leflore County,0.05290698140865991,1745006
445,28,079,28079,Leake,Leake County,0.04993005424134818,1684877
446,13,093,13093,Dooly,Dooly County,0.055916403101209135,1143296
447,28,011,28011,Bolivar,Bolivar County,0.04487338348633708,2606690
448,25,019,25019,Nantucket,Nantucket County,0.18882570740332308,162319
449,28,049,28049,Hinds,Hinds County,0.139991396990848,2524698
450,13,223,13223,Paulding,Paulding County,0.19255016797275293,904611
451,21,143,21143,Lyon,Lyon County,0.052715780461769376,738204
452,13,167,13167,Johnson,Johnson County,0.047652185739706,882310
453,21,085,21085,Grayson,Grayson County,0.05774224673764262,1470639
454,21,087,21087,Green,Green County,0.05641656278427277,831068
455,28,071,28071,Lafayette,Lafayette County,0.052746669149785805,1954531
456,28,081,28081,Lee,Lee County,0.14641709671730146,1304110
457,13,105,13105,Elbert,Elbert County,0.06739215018047323,1076891
458,13,261,13261,Sumter,Sumter County,0.056251370999766535,1417761
459,50,013,50013,Grand Isle,Grand Isle County,0.03842225737680916,560066
460,28,033,28033,DeSoto,DeSoto County,0.17606790876141043,1430272
461,21,181,21181,Nicholas,Nicholas County,0.045059088967117085,566434
462,28,117,28117,Prentiss,Prentiss County,0.06410731527351468,1203482
463,28,005,28005,Amite,Amite County,0.03387516820027957,2105377
464,28,103,28103,Noxubee,Noxubee County,0.035392356501977244,2014418
465,13,153,13153,Houston,Houston County,0.19143487204534457,1093317
466,39,129,39129,Pickaway,Pickaway County,0.06896256041795575,1457762
467,21,133,21133,Letcher,Letcher County,0.06044576096593501,975635
468,13,155,13155,Irwin,Irwin County,0.04503079708409568,1043930
469,21,035,21035,Calloway,Calloway County,0.07636171955379867,1181888
470,21,019,21019,Boyd,Boyd County,0.20187927351343932,466244
471,13,253,13253,Seminole,Seminole County,0.0508550562497799,738314
472,13,193,13193,Macon,Macon County,0.04684904140707182,1168327
473,21,039,21039,Carlisle,Carlisle County,0.04007181002476328,572622
474,13,233,13233,Polk,Polk County,0.10128825695672115,898268
475,21,147,21147,McCreary,McCreary County,0.05462391879829475,1240171
476,39,081,39081,Jefferson,Jefferson County,0.1010910179367306,1182657
477,39,067,39067,Harrison,Harrison County,0.06401856390308938,1182079
478,13,031,13031,Bulloch,Bulloch County,0.08743590739883828,1981703
479,21,065,21065,Estill,Estill County,0.05436662225726638,735580
480,21,037,21037,Campbell,Campbell County,0.18635537323387985,458774
481,39,173,39173,Wood,Wood County,0.13599804215416803,1785636
482,21,009,21009,Barren,Barren County,0.07040664848590991,1438884
483,39,131,39131,Pike,Pike County,0.05798343531680622,1277658
484,13,283,13283,Treutlen,Treutlen County,0.0589215706468379,582588
485,21,077,21077,Gallatin,Gallatin County,0.08057350096390899,301377
486,13,143,13143,Haralson,Haralson County,0.08433488034202719,814906
487,21,137,21137,Lincoln,Lincoln County,0.05531223750321583,967869
488,21,179,21179,Nelson,Nelson County,0.06244356201336321,1220366
489,25,007,25007,Dukes,Dukes County,0.1475940034983506,340732
490,28,015,28015,Carroll,Carroll County,0.038288605249309625,1826183
491,13,295,13295,Walker,Walker County,0.09257451217862712,1286434
492,39,165,39165,Warren,Warren County,0.2392612233546104,1172154
493,13,173,13173,Lanier,Lanier County,0.05004722256525498,574937
494,39,161,39161,Van Wert,Van Wert County,0.07349774915312786,1181111
495,13,291,13291,Union,Union County,0.08129968810104976,946781
496,13,025,13025,Brantley,Brantley County,0.050422851708190365,1286976
497,21,193,21193,Perry,Perry County,0.07383936929928567,985951
498,21,071,21071,Floyd,Floyd County,0.06825921483154514,1138762
499,13,113,13113,Fayette,Fayette County,0.26480802825790567,573574
500,39,175,39175,Wyandot,Wyandot County,0.06567296780425917,1172857
501,28,037,28037,Franklin,Franklin County,0.03420854983829187,1631025
502,13,029,13029,Bryan,Bryan County,0.06555200332985961,1302157
503,39,087,39087,Lawrence,Lawrence County,0.08737798414031302,1315915
504,39,083,39083,Knox,Knox County,0.07142552531214962,1524189
505,39,151,39151,Stark,Stark County,0.3050908020096027,1670778
506,28,057,28057,Itawamba,Itawamba County,0.05497591082665761,1555263
507,13,067,13067,Cobb,Cobb County,0.653144629983015,991468
508,39,163,39163,Vinton,Vinton County,0.045193548468133816,1194197
509,21,153,21153,Magoffin,Magoffin County,0.04567822691416252,889658
510,13,035,13035,Butts,Butts County,0.07990782354158658,541136
511,13,219,13219,Oconee,Oconee County,0.13226347162479887,536331
512,21,201,21201,Robertson,Robertson County,0.03996583878963777,288046
513,13,305,13305,Wayne,Wayne County,0.0673076717077257,1867068
514,28,055,28055,Issaquena,Issaquena County,0.022758868251886534,1270318
515,13,265,13265,Taliaferro,Taliaferro County,0.03702517797487539,562158
516,13,145,13145,Harris,Harris County,0.05624888873214808,1361058
517,21,061,21061,Edmonson,Edmonson County,0.043798230967101406,886360
518,13,241,13241,Rabun,Rabun County,0.07824961322360378,1084606
519,21,175,21175,Morgan,Morgan County,0.04752125979689107,1104432
520,28,113,28113,Pike,Pike County,0.08681323516222432,1181882
521,13,315,13315,Wilcox,Wilcox County,0.043117990427924344,1099657
522,28,059,28059,Jackson,Jackson County,0.1136405290720771,2149726
523,21,047,21047,Christian,Christian County,0.06878187023221326,2083645
524,13,123,13123,Gilmer,Gilmer County,0.08403250249895206,1240520
525,28,161,28161,Yalobusha,Yalobusha County,0.0437755086281816,1424518
526,28,093,28093,Marshall,Marshall County,0.0491481037775616,2042561
527,28,075,28075,Lauderdale,Lauderdale County,0.08606225811388964,2058045
528,28,065,28065,Jefferson Davis,Jefferson Davis County,0.053724627206039106,1177393
529,25,023,25023,Plymouth,Plymouth County,0.2763460274553846,2022117
530,28,105,28105,Oktibbeha,Oktibbeha County,0.07082279557015254,1329346
531,28,101,28101,Newton,Newton County,0.04778845952079043,1667955
532,28,123,28123,Scott,Scott County,0.049123220509387194,1756542
533,21,041,21041,Carroll,Carroll County,0.07742763222823652,395169
534,39,099,39099,Mahoning,Mahoning County,0.2816658875373083,1223588
535,21,109,21109,Jackson,Jackson County,0.058927881987795645,997185
536,21,237,21237,Wolfe,Wolfe County,0.05475259309641217,641029
537,39,079,39079,Jackson,Jackson County,0.06686032852723288,1213111
538,21,031,21031,Butler,Butler County,0.04435544273295567,1241674
539,39,123,39123,Ottawa,Ottawa County,0.14047094079468347,772836
540,39,035,39035,Cuyahoga,Cuyahoga County,0.7695496250404605,1322276
541,21,185,21185,Oldham,Oldham County,0.13717876368576823,565277
542,39,049,39049,Franklin,Franklin County,0.6275519729119408,1564084
543,21,075,21075,Fulton,Fulton County,0.04349228066263045,663658
544,39,027,39027,Clinton,Clinton County,0.0765316786854517,1186476
545,39,171,39171,Williams,Williams County,0.08106083689850332,1217567
546,39,139,39139,Richland,Richland County,0.13504281106291788,1439114
547,21,011,21011,Bath,Bath County,0.04999926588622215,817312
548,21,097,21097,Harrison,Harrison County,0.0526137542403768,891725
549,39,069,39069,Henry,Henry County,0.07359305925791017,1207940
550,21,079,21079,Garrard,Garrard County,0.05444574660707416,673239
551,39,037,39037,Darke,Darke County,0.07205555169297087,1725960
552,21,225,21225,Union,Union County,0.049196600878661005,1045682
553,39,011,39011,Auglaize,Auglaize County,0.0901600224107461,1156588
554,21,049,21049,Clark,Clark County,0.0838826182642233,734288
555,21,029,21029,Bullitt,Bullitt County,0.12396849147193707,864147
556,21,083,21083,Graves,Graves County,0.059841179099149475,1602308
557,39,119,39119,Muskingum,Muskingum County,0.0910008204462649,1935532
558,39,057,39057,Greene,Greene County,0.20781461697007034,1197909
559,39,017,39017,Butler,Butler County,0.3203638933155151,1352924
560,21,033,21033,Caldwell,Caldwell County,0.049473495094271826,1001890
561,21,219,21219,Todd,Todd County,0.04242075714093497,1085082
562,21,059,21059,Daviess,Daviess County,0.09332158944917003,1371494
563,39,045,39045,Fairfield,Fairfield County,0.12634378294757975,1463499
564,39,075,39075,Holmes,Holmes County,0.067347206399423,1220110
565,21,073,21073,Franklin,Franklin County,0.12137776175178654,610120
566,21,165,21165,Menifee,Menifee County,0.04662299662856507,592626
567,21,053,21053,Clinton,Clinton County,0.06365263403626177,591146
568,39,155,39155,Trumbull,Trumbull County,0.18470798303616415,1831897
569,13,213,13213,Murray,Murray County,0.09322963126296693,997730
570,21,069,21069,Fleming,Fleming County,0.0475329962493472,1011024
571,21,223,21223,Trimble,Trimble County,0.04901568234901568,449550
572,21,025,21025,Breathitt,Breathitt County,0.04007630775966283,1425281
573,13,235,13235,Pulaski,Pulaski County,0.05101113430469732,722901
574,39,109,39109,Miami,Miami County,0.12929403801164135,1178902
575,39,059,39059,Guernsey,Guernsey County,0.08094289993429063,1520331
576,13,133,13133,Greene,Greene County,0.06007551676116242,1169012
577,13,073,13073,Columbia,Columbia County,0.1777591002239047,885198
578,39,097,39097,Madison,Madison County,0.05974233905499497,1342850
579,39,009,39009,Athens,Athens County,0.07852960152217654,1463168
580,21,023,21023,Bracken,Bracken County,0.050037501517522606,601309
581,13,083,13083,Dade,Dade County,0.08558328478279954,501196
582,39,111,39111,Monroe,Monroe County,0.06176060842232239,1316454
583,21,027,21027,Breckinridge,Breckinridge County,0.046981928658104216,1685265
584,39,055,39055,Geauga,Geauga County,0.1610143237699686,1174970
585,13,095,13095,Dougherty,Dougherty County,0.16445509837809094,962816
586,21,001,21001,Adair,Adair County,0.058387007620569135,1186788
587,21,063,21063,Elliott,Elliott County,0.053486335666958554,677201
588,39,159,39159,Union,Union County,0.08794361554724449,1257226
589,21,095,21095,Harlan,Harlan County,0.04858753371763144,1347218
590,39,093,39093,Lorain,Lorain County,0.26739509581169624,1424252
591,39,077,39077,Huron,Huron County,0.07955819883440111,1423989
592,39,091,39091,Logan,Logan County,0.08596410252592554,1343270
593,21,051,21051,Clay,Clay County,0.049332630126982836,1355695
594,21,015,21015,Boone,Boone County,0.2052060284893954,738029
595,21,213,21213,Simpson,Simpson County,0.07618602545902367,680466
596,13,125,13125,Glascock,Glascock County,0.04767827628764787,415661
597,54,085,54085,Ritchie,Ritchie County,0.04379678890439477,1305598
598,54,045,54045,Logan,Logan County,0.04618977451958425,1311156
599,54,083,54083,Randolph,Randolph County,0.039205714386912005,2992727
600,54,091,54091,Taylor,Taylor County,0.07545770301917842,505568
601,39,105,39105,Meigs,Meigs County,0.06282105709188583,1246079
602,39,125,39125,Paulding,Paulding County,0.06737943158560189,1205353
603,54,075,54075,Pocahontas,Pocahontas County,0.03540959582226318,2710367
604,54,061,54061,Monongalia,Monongalia County,0.11796517061384514,1052904
605,54,047,54047,McDowell,McDowell County,0.04335169807251441,1539363
606,54,067,54067,Nicholas,Nicholas County,0.04781190444203603,1883213
607,54,081,54081,Raleigh,Raleigh County,0.09554562920104631,1753581
608,54,007,54007,Braxton,Braxton County,0.04933605878247268,1485749
609,54,035,54035,Jackson,Jackson County,0.06164833197397999,1357263
610,54,101,54101,Webster,Webster County,0.029823808443925504,1600701
611,54,107,54107,Wood,Wood County,0.14006439551500272,1084237
612,54,089,54089,Summers,Summers County,0.0501789777666901,1058232
613,39,149,39149,Shelby,Shelby County,0.08204759386567953,1181875
614,39,051,39051,Fulton,Fulton County,0.08257424035948367,1171903
615,39,143,39143,Sandusky,Sandusky County,0.10170431972213236,1193086
616,39,103,39103,Medina,Medina County,0.20830759423794754,1217344
617,39,043,39043,Erie,Erie County,0.16926529061124845,744689
618,39,047,39047,Fayette,Fayette County,0.061554564811668544,1171286
619,39,015,39015,Brown,Brown County,0.06448939178835407,1420032
620,39,039,39039,Defiance,Defiance County,0.07955370124427717,1191937
621,39,007,39007,Ashtabula,Ashtabula County,0.09852651951450757,2041968
622,39,115,39115,Morgan,Morgan County,0.05440503936800288,1213803
623,54,057,54057,Mineral,Mineral County,0.06146605291740245,947401
624,39,117,39117,Morrow,Morrow County,0.06107186802947014,1171898
625,39,135,39135,Preble,Preble County,0.0694142053491692,1227256
626,39,023,39023,Clark,Clark County,0.16611042143992982,1158362
627,39,029,39029,Columbiana,Columbiana County,0.11780604174870973,1538826
628,39,157,39157,Tuscarawas,Tuscarawas County,0.10714932897129201,1644490
629,39,095,39095,Lucas,Lucas County,0.4470728411962201,1008811
630,39,031,39031,Coshocton,Coshocton County,0.06550077154824013,1633080
631,39,145,39145,Scioto,Scioto County,0.07071526260133944,1773125
632,39,003,39003,Allen,Allen County,0.17378299546038836,1170805
633,39,107,39107,Mercer,Mercer County,0.07636145572305385,1362402
634,39,065,39065,Hardin,Hardin County,0.06026193070900558,1354404
635,39,061,39061,Hamilton,Hamilton County,0.5599774647128225,1187471
636,39,001,39001,Adams,Adams County,0.05162863563052765,1687087
637,39,019,39019,Carroll,Carroll County,0.071282359499669,1148040
638,39,133,39133,Portage,Portage County,0.16627268008082413,1450557
639,39,053,39053,Gallia,Gallia County,0.06629512781143113,1355982
640,39,085,39085,Lake,Lake County,0.4777409865718776,665618
641,39,073,39073,Hocking,Hocking County,0.05969808900164958,1219101
642,39,005,39005,Ashland,Ashland County,0.0786849848642012,1228214
643,39,147,39147,Seneca,Seneca County,0.07750875188034204,1590801
644,39,021,39021,Champaign,Champaign County,0.06215035021569147,1236952
645,39,169,39169,Wayne,Wayne County,0.11814606419015904,1602364
646,21,119,21119,Knott,Knott County,0.042314343564855667,1015424
647,39,167,39167,Washington,Washington County,0.08498069533707282,1841783
648,21,045,21045,Casey,Casey County,0.04666799714985554,1282742
649,21,007,21007,Ballard,Ballard County,0.04249060158728748,787633
650,21,013,21013,Bell,Bell County,0.05988718288228298,1039204
651,39,137,39137,Putnam,Putnam County,0.07407723646654144,1393694
652,21,043,21043,Carter,Carter County,0.07161774414814277,1185991
653,21,115,21115,Johnson,Johnson County,0.06914075603996606,760145
654,39,113,39113,Montgomery,Montgomery County,0.44557605238540693,1336250
655,21,057,21057,Cumberland,Cumberland County,0.04025482690212076,894725
656,39,013,39013,Belmont,Belmont County,0.09137937675744386,1557660
657,21,005,21005,Anderson,Anderson County,0.0683551022213452,587842
658,21,003,21003,Allen,Allen County,0.05752105326052712,1012551
659,21,231,21231,Wayne,Wayne County,0.05378657765037469,1393303
660,21,123,21123,Larue,Larue County,0.0478761964765397,758686
661,54,017,54017,Doddridge,Doddridge County,0.04468256059437955,922239
662,54,013,54013,Calhoun,Calhoun County,0.039423181687615765,807672
663,54,001,54001,Barbour,Barbour County,0.051656073485695404,986641
664,40,131,40131,Rogers,Rogers County,0.08588074354700306,2047537
665,54,011,54011,Cabell,Cabell County,0.14483353541934355,828855
666,54,023,54023,Grant,Grant County,0.03231382093586579,1382164
667,54,031,54031,Hardy,Hardy County,0.035892109645365364,1682041
668,54,069,54069,Ohio,Ohio County,0.20259321353213788,313742
669,38,105,38105,Williams,Williams County,0.0476742470375593,6181052
670,05,131,05131,Sebastian,Sebastian County,0.12950639960756793,1571737
671,41,069,41069,Wheeler,Wheeler County,0.009150120519464313,4936547
672,30,091,30091,Sheridan,Sheridan County,0.018950426331633276,4909441
673,36,109,36109,Tompkins,Tompkins County,0.08188490883885922,1414583
674,36,119,36119,Westchester,Westchester County,0.4345940309115589,1373208
675,36,113,36113,Warren,Warren County,0.05323209517262422,2680939
676,38,081,38081,Sargent,Sargent County,0.03223572080226139,2494748
677,54,003,54003,Berkeley,Berkeley County,0.15424433997946724,925350
678,54,059,54059,Mingo,Mingo County,0.04349044819864862,1220084
679,41,065,41065,Wasco,Wasco County,0.01701780610000801,6893368
680,54,009,54009,Brooke,Brooke County,0.1626638538116188,266396
681,05,129,05129,Searcy,Searcy County,0.040290186228992844,1923868
682,54,055,54055,Mercer,Mercer County,0.11258735482165573,1210580
683,54,037,54037,Jefferson,Jefferson County,0.14066345015751483,609149
684,54,041,54041,Lewis,Lewis County,0.05723687730750709,1121340
685,54,079,54079,Putnam,Putnam County,0.10511445900221739,1008396
686,54,065,54065,Morgan,Morgan County,0.06819550761090983,660762
687,46,097,46097,Miner,Miner County,0.03737843608317202,1645842
688,54,051,54051,Marshall,Marshall County,0.07541897886598799,898315
689,54,077,54077,Preston,Preston County,0.06265267070712244,1874541
690,54,029,54029,Hancock,Hancock County,0.1829803540459288,253131
691,54,109,54109,Wyoming,Wyoming County,0.037198329229345954,1444124
692,53,069,53069,Wahkiakum,Wahkiakum County,0.0629028151756365,797357
693,35,057,35057,Torrance,Torrance County,0.013617212290938542,9628329
694,16,059,16059,Lemhi,Lemhi County,0.0045195479843547675,13147775
695,54,005,54005,Boone,Boone County,0.037977944146994826,1448051
696,54,019,54019,Fayette,Fayette County,0.0585454621079777,1923360
697,54,097,54097,Upshur,Upshur County,0.06367816407214252,1020868
698,54,053,54053,Mason,Mason County,0.06156243211692065,1279774
699,54,021,54021,Gilmer,Gilmer County,0.041726824533169844,978675
700,40,141,40141,Tillman,Tillman County,0.04028480693717924,2530135
701,36,077,36077,Otsego,Otsego County,0.05897415371478772,2923128
702,40,075,40075,Kiowa,Kiowa County,0.03953609507353871,2966125
703,54,063,54063,Monroe,Monroe County,0.04442559710285708,1362998
704,54,095,54095,Tyler,Tyler County,0.04838290470700352,750265
705,05,139,05139,Union,Union County,0.06023093398386149,3036712
706,54,049,54049,Marion,Marion County,0.10103194903503673,896459
707,40,123,40123,Pontotoc,Pontotoc County,0.050610761710458606,2087066
708,41,045,41045,Malheur,Malheur County,0.007313225814748901,28575215
709,39,063,39063,Hancock,Hancock County,0.10573942192301206,1535747
710,39,101,39101,Marion,Marion County,0.09950546941709712,1162921
711,54,103,54103,Wetzel,Wetzel County,0.04784994527972734,1039834
712,54,099,54099,Wayne,Wayne County,0.06789684922630135,1473765
713,54,043,54043,Lincoln,Lincoln County,0.04588904074316161,1262175
714,54,033,54033,Harrison,Harrison County,0.11106364943919214,1198628
715,39,071,39071,Highland,Highland County,0.057156153224615765,1605199
716,39,025,39025,Clermont,Clermont County,0.16746756112898153,1323104
717,54,027,54027,Hampshire,Hampshire County,0.04627434913977828,1855045
718,54,087,54087,Roane,Roane County,0.04287484599552444,1392005
719,54,015,54015,Clay,Clay County,0.03535271353477612,989429
720,54,071,54071,Pendleton,Pendleton County,0.029320093574237222,2009100
721,54,093,54093,Tucker,Tucker County,0.04545915921144818,1211791
722,54,025,54025,Greenbrier,Greenbrier County,0.0459147194375591,2948292
723,54,073,54073,Pleasants,Pleasants County,0.06713706084562479,387193
724,54,105,54105,Wirt,Wirt County,0.04468965313085115,675615
725,05,085,05085,Lonoke,Lonoke County,0.06303128776363126,2310424
726,53,015,53015,Cowlitz,Cowlitz County,0.07400070796966457,3356076
727,41,023,41023,Grant,Grant County,0.010382932990601102,13034082
728,05,089,05089,Marion,Marion County,0.045368056806809526,1842596
729,05,065,05065,Izard,Izard County,0.04926058837565074,1680593
730,05,071,05071,Johnson,Johnson County,0.04664966083338084,1964816
731,46,127,46127,Union,Union County,0.05754075409772652,1344282
732,53,053,53053,Pierce,Pierce County,0.19025971144626735,4890389
733,40,065,40065,Jackson,Jackson County,0.04857903555716479,2314414
734,53,031,53031,Jefferson,Jefferson County,0.03083304333712245,5261563
735,46,113,46113,Shannon,Shannon County,0.010143673869614343,6033317
736,46,089,46089,McPherson,McPherson County,0.02462731313904318,3313841
737,53,067,53067,Thurston,Thurston County,0.16048262549145417,2186623
738,05,119,05119,Pulaski,Pulaski County,0.22447225975232998,2324060
739,36,087,36087,Rockland,Rockland County,0.4167581871620279,573642
740,05,103,05103,Ouachita,Ouachita County,0.05826655587064674,2128837
741,22,045,22045,Iberia,Iberia Parish,0.07879674550657373,1783995
742,36,121,36121,Wyoming,Wyoming County,0.05585305544920153,1715967
743,05,083,05083,Logan,Logan County,0.0435224162484194,2105214
744,46,075,46075,Jones,Jones County,0.016202507362173105,2794012
745,40,073,40073,Kingfisher,Kingfisher County,0.045635468539536136,2607336
746,05,105,05105,Perry,Perry County,0.04410076277574988,1613056
747,05,067,05067,Jackson,Jackson County,0.045531709748012045,1846120
748,22,097,22097,St. Landry,St. Landry Parish,0.0747117886864847,2702184
749,22,099,22099,St. Martin,St. Martin Parish,0.04515345381744886,2349632
750,05,095,05095,Monroe,Monroe County,0.032813420234718754,1787927
751,40,097,40097,Mayes,Mayes County,0.06119358140003081,1966971
752,16,085,16085,Valley,Valley County,0.0044588920407287675,10742579
753,36,089,36089,St. Lawrence,St. Lawrence County,0.038981273297529116,8119155
754,05,117,05117,Prairie,Prairie County,0.037599824306135246,1944291
755,36,115,36115,Washington,Washington County,0.05602360341529785,2434224
756,49,041,49041,Sevier,Sevier County,0.0259771664816645,5520656
757,40,037,40037,Creek,Creek County,0.06465663958173741,2790974
758,05,135,05135,Sharp,Sharp County,0.04761664651650499,1745230
759,40,049,40049,Garvin,Garvin County,0.05065278321686684,2341589
760,38,093,38093,Stutsman,Stutsman County,0.03149928744770786,6612848
761,36,075,36075,Oswego,Oswego County,0.06251558744406858,2931045
762,46,107,46107,Potter,Potter County,0.022717843165990053,2586161
763,41,043,41043,Linn,Linn County,0.031365501635374105,6644657
764,36,101,36101,Steuben,Steuben County,0.06552579072908783,4040638
765,36,073,36073,Orleans,Orleans County,0.06256859816092808,1130679
766,22,125,22125,West Feliciana,West Feliciana Parish,0.03747703772827679,1225924
767,41,059,41059,Umatilla,Umatilla County,0.03174606588437259,9299231
768,22,105,22105,Tangipahoa,Tangipahoa Parish,0.09264887807548933,2429085
769,30,097,30097,Sweet Grass,Sweet Grass County,0.005498295382865145,5358388
770,53,059,53059,Skamania,Skamania County,0.040563751868444964,4845607
771,49,057,49057,Weber,Weber County,0.13201702262216894,1897475
772,05,137,05137,Stone,Stone County,0.039151022735371674,1753875
773,05,125,05125,Saline,Saline County,0.10906191756945878,2102182
774,38,077,38077,Richland,Richland County,0.04130067595993379,4159714
775,30,095,30095,Stillwater,Stillwater County,0.008107171328550137,5193180
776,30,105,30105,Valley,Valley County,0.009006846084547408,14565698
777,16,051,16051,Jefferson,Jefferson County,0.025279319380696278,3181573
778,46,067,46067,Hutchinson,Hutchinson County,0.04168864061878649,2343684
779,30,045,30045,Judith Basin,Judith Basin County,0.007757234360838552,5383233
780,40,133,40133,Seminole,Seminole County,0.05121851573135088,1843103
781,38,065,38065,Oliver,Oliver County,0.023881544649107342,2104219
782,36,103,36103,Suffolk,Suffolk County,0.450761896467186,3318233
783,36,117,36117,Wayne,Wayne County,0.0773796418819695,1762324
784,36,065,36065,Oneida,Oneida County,0.08406229821011596,3619173
785,36,107,36107,Tioga,Tioga County,0.06709850981549305,1504713
786,38,073,38073,Ransom,Ransom County,0.034064873480741,2485669
787,38,095,38095,Towner,Towner County,0.031126732460516015,2997038
788,38,091,38091,Steele,Steele County,0.031817111107333575,2058955
789,30,067,30067,Park,Park County,0.008232559460804718,8096510
790,36,051,36051,Livingston,Livingston County,0.06784789488566824,1842489
791,22,109,22109,Terrebonne,Terrebonne Parish,0.03822927552445327,4274499
792,35,041,35041,Roosevelt,Roosevelt County,0.017601550099436307,7064321
793,36,083,36083,Rensselaer,Rensselaer County,0.10786829136079187,1914863
794,38,085,38085,Sioux,Sioux County,0.008474706776254313,3246838
795,36,095,36095,Schoharie,Schoharie County,0.057627522996859776,1802420
796,36,097,36097,Schuyler,Schuyler County,0.05933274390720497,985139
797,05,127,05127,Scott,Scott County,0.036437463144649414,2584428
798,05,093,05093,Mississippi,Mississippi County,0.06273096884702013,2647002
799,49,047,49047,Uintah,Uintah County,0.011917038127636002,12953806
800,05,099,05099,Nevada,Nevada County,0.03963505958696449,1786045
801,38,089,38089,Stark,Stark County,0.04363772039769984,3856778
802,05,133,05133,Sevier,Sevier County,0.0498944889138635,1672810
803,41,071,41071,Yamhill,Yamhill County,0.07891797443591492,2067197
804,40,107,40107,Okfuskee,Okfuskee County,0.03424093298171927,1809939
805,05,145,05145,White,White County,0.06247430373757451,2998977
806,36,023,36023,Cortland,Cortland County,0.06266988437988694,1443261
807,49,051,49051,Wasatch,Wasatch County,0.03277172254681026,3470553
808,30,107,30107,Wheatland,Wheatland County,0.006801999457436106,4110115
809,46,049,46049,Faulk,Faulk County,0.025788906956185596,2894733
810,40,033,40033,Cotton,Cotton County,0.03593577376290119,1847407
811,40,087,40087,McClain,McClain County,0.054600168879466775,1669830
812,53,049,53049,Pacific,Pacific County,0.07414369871505114,2716684
813,49,037,49037,San Juan,San Juan County,0.005442016858990742,22829955
814,05,141,05141,Van Buren,Van Buren County,0.04900070382768072,2084317
815,49,045,49045,Tooele,Tooele County,0.008314485550923732,20967984
816,38,101,38101,Ward,Ward County,0.04682716291849022,5916566
817,49,039,49039,Sanpete,Sanpete County,0.027747323994237297,4611724
818,53,039,53039,Klickitat,Klickitat County,0.03996805650553062,5479676
819,46,093,46093,Meade,Meade County,0.01150278744796358,10022788
820,53,043,53043,Lincoln,Lincoln County,0.026550512907466916,6732111
821,40,069,40069,Johnston,Johnston County,0.031630189583692986,1894203
822,38,099,38099,Walsh,Walsh County,0.043133832599828684,3724130
823,16,061,16061,Lewis,Lewis County,0.0296243554372162,1380587
824,16,037,16037,Custer,Custer County,0.003860904658786004,14205997
825,16,033,16033,Clark,Clark County,0.007097163477297089,5079635
826,41,015,41015,Curry,Curry County,0.03650169688606373,4705973
827,22,121,22121,West Baton Rouge,West Baton Rouge Parish,0.10655245785367451,586528
828,16,077,16077,Power,Power County,0.020579292709956936,4151649
829,41,031,41031,Jefferson,Jefferson County,0.019779855642790015,5154436
830,22,023,22023,Cameron,Cameron Parish,0.012658742882039843,4718873
831,16,073,16073,Owyhee,Owyhee County,0.0036658195633902575,22149208
832,16,041,16041,Franklin,Franklin County,0.02642255392891143,1923319
833,46,023,46023,Charles Mix,Charles Mix County,0.03387425969540718,3310124
834,46,121,46121,Todd,Todd County,0.013754402095766118,4002355
835,22,087,22087,St. Bernard,St. Bernard Parish,0.028495758123302167,1777633
836,46,077,46077,Kingsbury,Kingsbury County,0.03560444564774433,2485757
837,40,063,40063,Hughes,Hughes County,0.03412893018733555,2344990
838,40,055,40055,Greer,Greer County,0.03474373170775162,1852219
839,40,061,40061,Haskell,Haskell County,0.030662909733568975,1799340
840,53,023,53023,Garfield,Garfield County,0.025259841361538738,2066838
841,49,011,49011,Davis,Davis County,0.15012746635474727,1824403
842,46,083,46083,Lincoln,Lincoln County,0.07041684259148993,1662642
843,46,095,46095,Mellette,Mellette County,0.01040391757982933,3772329
844,46,059,46059,Hand,Hand County,0.024072669697385734,4144451
845,46,081,46081,Lawrence,Lawrence County,0.02352294481425792,2303113
846,40,151,40151,Woods,Woods County,0.03243333521899236,3712230
847,53,025,53025,Grant,Grant County,0.04089949891313536,8032739
848,46,061,46061,Hanson,Hanson County,0.0403220786185959,1252986
849,41,049,41049,Morrow,Morrow County,0.021338088399585696,5895186
850,40,111,40111,Okmulgee,Okmulgee County,0.05300024491795249,2021085
851,40,125,40125,Pottawatomie,Pottawatomie County,0.06516906291442356,2283292
852,40,139,40139,Texas,Texas County,0.04044850170097998,5895719
853,16,039,16039,Elmore,Elmore County,0.011949113641926221,8923256
854,16,063,16063,Lincoln,Lincoln County,0.012260478765831685,3470256
855,05,069,05069,Jefferson,Jefferson County,0.08156542829968905,2629619
856,05,047,05047,Franklin,Franklin County,0.04411408433959259,1783172
857,22,053,22053,Jefferson Davis,Jefferson Davis Parish,0.06222266777115903,1895290
858,05,063,05063,Independence,Independence County,0.050568548797548345,2220214
859,05,059,05059,Hot Spring,Hot Spring County,0.062148770115956826,1790494
860,16,029,16029,Caribou,Caribou County,0.01387671079890546,5175506
861,05,077,05077,Lee,Lee County,0.030401685473615953,1782763
862,16,035,16035,Clearwater,Clearwater County,0.003935780575065308,7159952
863,16,071,16071,Oneida,Oneida County,0.01692283622779055,3457931
864,05,061,05061,Howard,Howard County,0.061586492610227896,1713314
865,16,023,16023,Butte,Butte County,0.0064859445326532076,6441159
866,22,091,22091,St. Helena,St. Helena Parish,0.043308432992682645,1178431
867,22,077,22077,Pointe Coupee,Pointe Coupee Parish,0.046438601300530256,1699922
868,22,079,22079,Rapides,Rapides Parish,0.08638041199807481,3918562
869,05,073,05073,Lafayette,Lafayette County,0.037104400672956346,1568601
870,22,083,22083,Richland,Richland Parish,0.047003372640798055,1624543
871,22,117,22117,Washington,Washington Parish,0.07030793300363342,1945001
872,36,017,36017,Chenango,Chenango County,0.05468004411371191,2586044
873,36,041,36041,Hamilton,Hamilton County,0.007967616696338675,5202434
874,30,101,30101,Toole,Toole County,0.015664418891314185,5599314
875,30,103,30103,Treasure,Treasure County,0.00552405416066194,2831797
876,38,047,38047,Logan,Logan County,0.028009493998211028,2910049
877,22,111,22111,Union,Union Parish,0.04822404382071029,2605526
878,22,055,22055,Lafayette,Lafayette Parish,0.34862545195439215,774691
879,30,099,30099,Teton,Teton County,0.013745042958374872,6597433
880,30,077,30077,Powell,Powell County,0.007023061280700941,6713027
881,30,027,30027,Fergus,Fergus County,0.006169850194669852,12519915
882,35,053,35053,Socorro,Socorro County,0.00529110124752227,19133446
883,35,047,35047,San Miguel,San Miguel County,0.004929716573950445,13627964
884,30,085,30085,Roosevelt,Roosevelt County,0.01433620848443324,6818888
885,36,079,36079,Putnam,Putnam County,0.1695390498768777,708645
886,36,063,36063,Niagara,Niagara County,0.14616930545821966,1531067
887,06,103,06103,Tehama,Tehama County,0.0301866623997132,8524427
888,06,049,06049,Modoc,Modoc County,0.00908227392898064,12096420
889,06,063,06063,Plumas,Plumas County,0.014638870757852784,7520867
890,06,005,06005,Amador,Amador County,0.034652840779409354,1743782
891,06,003,06003,Alpine,Alpine County,0.00651572564656946,2138672
892,06,019,06019,Fresno,Fresno County,0.05402764965982914,17298513
893,06,093,06093,Siskiyou,Siskiyou County,0.033707785202823456,18266255
894,06,011,06011,Colusa,Colusa County,0.03314314116682248,3327687
895,06,025,06025,Imperial,Imperial County,0.031474890225015165,12896153
896,06,099,06099,Stanislaus,Stanislaus County,0.0899551119401872,4357729
897,06,053,06053,Monterey,Monterey County,0.04746343035457425,9541725
898,06,095,06095,Solano,Solano County,0.12701474833654663,2561238
899,06,067,06067,Sacramento,Sacramento County,0.3191071472256491,2861390
900,06,115,06115,Yuba,Yuba County,0.05436474105090489,1853260
901,06,097,06097,Sonoma,Sonoma County,0.10313852001027018,4580248
902,06,069,06069,San Benito,San Benito County,0.02019532316990427,4001471
903,04,013,04013,Maricopa,Maricopa County,0.11867993628185822,26545658
904,06,037,06037,Los Angeles,Los Angeles County,0.3245840141330072,11800461
905,04,001,04001,Apache,Apache County,0.008002750586396833,32284025
906,06,065,06065,Riverside,Riverside County,0.09447324644627675,21016479
907,17,183,17183,Vermilion,Vermilion County,0.08072152586874969,2593670
908,04,017,04017,Navajo,Navajo County,0.009374117945878467,28661790
909,32,003,32003,Clark,Clark County,0.05450294815761218,23197369
910,06,089,06089,Shasta,Shasta County,0.03602254758929182,11071871
911,06,111,06111,Ventura,Ventura County,0.11814752740689718,5345461
912,06,007,06007,Butte,Butte County,0.055069571465629484,4826404
913,06,035,06035,Lassen,Lassen County,0.01063327844523088,13583393
914,06,059,06059,Orange,Orange County,0.5944486486956673,2299260
915,06,029,06029,Kern,Kern County,0.06242954506289263,23490192
916,06,105,06105,Trinity,Trinity County,0.04419730055607375,9230790
917,06,077,06077,San Joaquin,San Joaquin County,0.13429820764398515,4105267
918,06,009,06009,Calaveras,Calaveras County,0.03063348363217166,2984055
919,06,071,06071,San Bernardino,San Bernardino County,0.03735747805648951,57858108
920,17,181,17181,Union,Union County,0.056921878935645154,1214858
921,32,033,32033,White Pine,White Pine County,0.003931076525810447,25602656
922,04,019,04019,Pima,Pima County,0.03812670391852475,26441992
923,04,007,04007,Gila,Gila County,0.009804028841516944,13800245
924,32,009,32009,Esmeralda,Esmeralda County,0.003869793910164897,10328457
925,32,031,32031,Washoe,Washoe County,0.023347454269137997,18826892
926,32,017,32017,Lincoln,Lincoln County,0.0024516562571921256,30610735
927,51,700,51700,Newport News,Newport News city,0.6354847937813817,202746
928,04,003,04003,Cochise,Cochise County,0.017224322051922362,17895102
929,32,001,32001,Churchill,Churchill County,0.007852891833988455,14458368
930,37,173,37173,Swain,Swain County,0.034366302202852715,1555710
931,32,005,32005,Douglas,Douglas County,0.041871882892139056,2122761
932,06,023,06023,Humboldt,Humboldt County,0.05791008298261626,10391092
933,32,019,32019,Lyon,Lyon County,0.023548605886069985,5825313
934,53,057,53057,Skagit,Skagit County,0.05626374971858745,5063740
935,06,091,06091,Sierra,Sierra County,0.01473129091022035,2768868
936,06,083,06083,Santa Barbara,Santa Barbara County,0.0573875172330525,7917924
937,32,510,32510,Carson City,Carson City,0.12208429924840941,452507
938,06,087,06087,Santa Cruz,Santa Cruz County,0.16379815128311404,1285973
939,32,029,32029,Storey,Storey County,0.020145011394505596,758699
940,32,023,32023,Nye,Nye County,0.005016661229208692,52371286
941,04,025,04025,Yavapai,Yavapai County,0.016535181670583397,23390248
942,06,061,06061,Placer,Placer County,0.08846784876696917,4323209
943,04,023,04023,Santa Cruz,Santa Cruz County,0.024230300985375305,3562399
944,32,007,32007,Elko,Elko County,0.005329224639011987,49506076
945,04,021,04021,Pinal,Pinal County,0.03263526731724778,15465968
946,32,015,32015,Lander,Lander County,0.004036493451581847,15883836
947,06,047,06047,Merced,Merced County,0.0554718372938511,5693700
948,06,017,06017,El Dorado,El Dorado County,0.04685216428477361,5140659
949,32,027,32027,Pershing,Pershing County,0.00397892734876697,17460736
950,06,027,06027,Inyo,Inyo County,0.005514115199150709,29430651
951,32,013,32013,Humboldt,Humboldt County,0.004894390770340961,27792836
952,32,021,32021,Mineral,Mineral County,0.0040808105846992845,10972820
953,32,011,32011,Eureka,Eureka County,0.004355348557572404,12028888
954,06,057,06057,Nevada,Nevada County,0.052139926197997906,2802363
955,06,041,06041,Marin,Marin County,0.13235670881498504,1565187
956,06,055,06055,Napa,Napa County,0.06406090538461132,2269356
957,06,031,06031,Kings,Kings County,0.06196923813017496,4004503
958,06,033,06033,Lake,Lake County,0.06020625670608746,3825815
959,04,009,04009,Graham,Graham County,0.006972482641982637,13355788
960,06,021,06021,Glenn,Glenn County,0.04000795031628432,3818716
961,06,015,06015,Del Norte,Del Norte County,0.05595556033264028,2921354
962,12,086,12086,Miami-Dade,Miami-Dade County,0.20097242027373755,5811479
963,06,001,06001,Alameda,Alameda County,0.3269173325281592,2165991
964,04,011,04011,Greenlee,Greenlee County,0.007913905610268583,5319371
965,06,081,06081,San Mateo,San Mateo County,0.28976278845825765,1318865
966,06,113,06113,Yolo,Yolo County,0.06577984255261939,2945492
967,06,109,06109,Tuolumne,Tuolumne County,0.013802745545958835,6545292
968,06,085,06085,Santa Clara,Santa Clara County,0.2454936915286929,3744251
969,06,075,06075,San Francisco,San Francisco County,0.8702794934709648,141828
970,06,045,06045,Mendocino,Mendocino County,0.04995245438775113,10114498
971,06,039,06039,Madera,Madera County,0.034026524515755156,6196607
972,06,107,06107,Tulare,Tulare County,0.03752633125632517,13924516
973,06,043,06043,Mariposa,Mariposa County,0.01337900611807856,4209655
974,06,101,06101,Sutter,Sutter County,0.07704124609168654,1751075
975,04,015,04015,Mohave,Mohave County,0.013855787818301758,38736159
976,04,005,04005,Coconino,Coconino County,0.008401442442426002,53702802
977,06,079,06079,San Luis Obispo,San Luis Obispo County,0.05810017047972069,9564774
978,06,073,06073,San Diego,San Diego County,0.17994659231719395,12257787
979,06,013,06013,Contra Costa,Contra Costa County,0.3370153931911744,2188630
980,06,051,06051,Mono,Mono County,0.008516144837594105,9012881
981,25,015,25015,Hampshire,Hampshire County,0.10887324221949288,1568953
982,17,139,17139,Moultrie,Moultrie County,0.059290702589176646,991319
983,17,191,17191,Wayne,Wayne County,0.05316067531090003,2059022
984,51,840,51840,Winchester,Winchester city,0.8473875971903992,26623
985,46,013,46013,Brown,Brown County,0.042550205822038466,4981245
986,17,171,17171,Scott,Scott County,0.050742300326779864,727401
987,42,001,42001,Adams,Adams County,0.1173137628364789,1501580
988,17,043,17043,DuPage,DuPage County,0.8298878665305971,968132
989,17,147,17147,Piatt,Piatt County,0.06154392357239889,1264674
990,53,033,53033,King,King County,0.2230951849721643,6306111
991,17,069,17069,Hardin,Hardin County,0.04701149931203151,522553
992,17,133,17133,Monroe,Monroe County,0.0788405832528692,1145438
993,17,179,17179,Tazewell,Tazewell County,0.1256858105610073,1893380
994,34,003,34003,Bergen,Bergen County,0.7029935058531844,709870
995,17,175,17175,Stark,Stark County,0.04525011749677637,829810
996,17,167,17167,Sangamon,Sangamon County,0.1346094947007989,2523871
997,53,035,53035,Kitsap,Kitsap County,0.24763361613871793,1249269
998,17,197,17197,Will,Will County,0.3422276525626033,2443882
999,17,125,17125,Mason,Mason County,0.04768403797504265,1621486
1000,48,201,48201,Harris,Harris County,0.6338141654142887,5099632
1001,26,125,26125,Oakland,Oakland County,0.5290363573969501,2610968
1002,17,119,17119,Madison,Madison County,0.21819454715401682,2131144
1003,17,029,17029,Coles,Coles County,0.0841894362800533,1467892
1004,18,097,18097,Marion,Marion County,0.7845190773873679,1159750
1005,17,165,17165,Saline,Saline County,0.07995795374912404,1113060
1006,17,201,17201,Winnebago,Winnebago County,0.26018114385370367,1494282
1007,17,049,17049,Effingham,Effingham County,0.08690443010254498,1381345
1008,36,099,36099,Seneca,Seneca County,0.07505695977216091,1123600
1009,17,163,17163,St. Clair,St. Clair County,0.22342215641716193,1939736
1010,47,037,47037,Davidson,Davidson County,0.4052071970765593,1513559
1011,17,051,17051,Fayette,Fayette County,0.05955530302957716,2087354
1012,17,137,17137,Morgan,Morgan County,0.06903417129242266,1646938
1013,35,031,35031,McKinley,McKinley County,0.007241529747918836,15699031
1014,17,031,17031,Cook,Cook County,0.8333993521450672,2756790
1015,46,041,46041,Dewey,Dewey County,0.006770549785297516,7036947
1016,21,155,21155,Marion,Marion County,0.0460664397841243,998167
1017,24,510,24510,Baltimore,Baltimore city,0.8639472467381034,248705
1018,39,041,39041,Delaware,Delaware County,0.19053216491132358,1316077
1019,17,155,17155,Putnam,Putnam County,0.06176242118537201,495625
1020,40,101,40101,Muskogee,Muskogee County,0.07425034633775753,2416716
1021,17,061,17061,Greene,Greene County,0.04484483784067453,1572065
1022,17,177,17177,Stephenson,Stephenson County,0.07063329391427554,1626117
1023,17,009,17009,Brown,Brown County,0.04249944855124514,884035
1024,24,031,24031,Montgomery,Montgomery County,0.3915408869696347,1458900
1025,37,051,37051,Cumberland,Cumberland County,0.21436744844941846,1894644
1026,17,065,17065,Hamilton,Hamilton County,0.049747884421449555,1254385
1027,17,055,17055,Franklin,Franklin County,0.09509895200755147,1241612
1028,13,121,13121,Fulton,Fulton County,0.5425862419933131,1537621
1029,17,093,17093,Kendall,Kendall County,0.17414084743917177,927571
1030,49,035,49035,Salt Lake,Salt Lake County,0.3299629085418813,2323446
1031,24,005,24005,Baltimore,Baltimore County,0.33958436118690655,1787706
1032,36,011,36011,Cayuga,Cayuga County,0.06950309769493317,2116251
1033,17,027,17027,Clinton,Clinton County,0.07184604241939259,1448347
1034,17,173,17173,Shelby,Shelby County,0.05395933912160667,2210331
1035,36,081,36081,Queens,Queens County,0.7998985705655106,360842
1036,44,009,44009,Washington,Washington County,0.19441387472363764,1012258
1037,31,041,31041,Custer,Custer County,0.022178593185704473,7413004
1038,17,129,17129,Menard,Menard County,0.057549297046858766,907813
1039,18,009,18009,Blackford,Blackford County,0.07078624568472523,476505
1040,55,075,55075,Marinette,Marinette County,0.0464066390767206,4116717
1041,55,111,55111,Sauk,Sauk County,0.06843367534337838,2442131
1042,18,039,18039,Elkhart,Elkhart County,0.2524630724768544,1346692
1043,55,107,55107,Rusk,Rusk County,0.031605235062675915,2678860
1044,18,079,18079,Jennings,Jennings County,0.0636973738713378,1088789
1045,55,117,55117,Sheboygan,Sheboygan County,0.120968932925192,1489680
1046,18,081,18081,Johnson,Johnson County,0.19958727975025134,926051
1047,18,007,18007,Benton,Benton County,0.04844658907804025,1169845
1048,18,169,18169,Wabash,Wabash County,0.06859210246098528,1211466
1049,18,071,18071,Jackson,Jackson County,0.06421303733995423,1478952
1050,18,047,18047,Franklin,Franklin County,0.053626078333102296,1125348
1051,18,029,18029,Dearborn,Dearborn County,0.09171671544373568,884637
1052,55,135,55135,Waupaca,Waupaca County,0.060291699457916924,2202061
1053,18,113,18113,Noble,Noble County,0.0741148950693849,1201270
1054,18,003,18003,Allen,Allen County,0.2478185147473352,1899394
1055,26,077,26077,Kalamazoo,Kalamazoo County,0.19470313203606296,1669968
1056,18,045,18045,Fountain,Fountain County,0.0556336238405113,1145009
1057,18,107,18107,Montgomery,Montgomery County,0.0645471333086748,1454534
1058,18,065,18065,Henry,Henry County,0.08242741824761757,1136236
1059,26,079,26079,Kalkaska,Kalkaska County,0.056287773709072265,1642346
1060,26,097,26097,Mackinac,Mackinac County,0.0352624905123814,3100093
1061,26,055,26055,Grand Traverse,Grand Traverse County,0.11618872752155933,1411686
1062,26,109,26109,Menominee,Menominee County,0.045580992835649335,3027490
1063,55,139,55139,Winnebago,Winnebago County,0.13647837913643873,1664989
1064,18,087,18087,LaGrange,LaGrange County,0.0726465619496064,1112840
1065,55,041,55041,Forest,Forest County,0.028032143959025983,3011079
1066,18,069,18069,Huntington,Huntington County,0.0844118772624328,1115779
1067,18,127,18127,Porter,Porter County,0.19514069793581318,1209968
1068,18,109,18109,Morgan,Morgan County,0.08493239510016184,1178243
1069,18,141,18141,St. Joseph,St. Joseph County,0.2840078568889371,1327752
1070,18,111,18111,Newton,Newton County,0.054420889793865224,1160988
1071,26,095,26095,Luce,Luce County,0.03126357723339515,2667609
1072,26,061,26061,Houghton,Houghton County,0.04362286627103298,2998565
1073,26,083,26083,Keweenaw,Keweenaw County,0.021702034151088567,1688321
1074,26,129,26129,Ogemaw,Ogemaw County,0.06828154161549545,1654576
1075,26,151,26151,Sanilac,Sanilac County,0.05948456227800334,2774535
1076,26,117,26117,Montcalm,Montcalm County,0.07645079197654031,2074367
1077,26,075,26075,Jackson,Jackson County,0.11918987769781408,2082056
1078,26,127,26127,Oceana,Oceana County,0.07203132864854477,1571469
1079,26,057,26057,Gratiot,Gratiot County,0.07370387504627769,1644961
1080,26,145,26145,Saginaw,Saginaw County,0.13965293735871942,2348164
1081,26,143,26143,Roscommon,Roscommon County,0.07269741591524935,1669179
1082,26,139,26139,Ottawa,Ottawa County,0.23607591735274422,1660648
1083,26,121,26121,Muskegon,Muskegon County,0.1781519913034885,1517850
1084,26,017,26017,Bay,Bay County,0.14751191212252646,1300356
1085,26,135,26135,Oscoda,Oscoda County,0.05738455879894339,1644885
1086,26,163,26163,Wayne,Wayne County,0.7654677637974233,1825975
1087,26,053,26053,Gogebic,Gogebic County,0.039412580692093885,3292299
1088,18,043,18043,Floyd,Floyd County,0.17357772225604848,428661
1089,26,041,26041,Delta,Delta County,0.053250467469517705,3409848
1090,26,093,26093,Livingston,Livingston County,0.20865313042022673,1684662
1091,26,123,26123,Newaygo,Newaygo County,0.060488745970333914,2479734
1092,26,039,26039,Crawford,Crawford County,0.07910636252753904,1620881
1093,26,027,26027,Cass,Cass County,0.09051036110216724,1462827
1094,26,073,26073,Isabella,Isabella County,0.07960551841124615,1662435
1095,26,115,26115,Monroe,Monroe County,0.1724939256849802,1624463
1096,26,047,26047,Emmet,Emmet County,0.0791301316408626,1394096
1097,26,081,26081,Kent,Kent County,0.29048520474245293,2509250
1098,26,019,26019,Benzie,Benzie County,0.07111924001419226,1000545
1099,18,105,18105,Monroe,Monroe County,0.1050473732454158,1183685
1100,18,001,18001,Adams,Adams County,0.0748086546953194,978336
1101,18,011,18011,Boone,Boone County,0.10102124676011333,1218021
1102,26,003,26003,Alger,Alger County,0.03700695844982951,2697871
1103,18,041,18041,Fayette,Fayette County,0.07156434767301205,619191
1104,18,025,18025,Crawford,Crawford County,0.05322009669013569,888405
1105,18,031,18031,Decatur,Decatur County,0.06752953003267152,1074330
1106,18,013,18013,Brown,Brown County,0.04696653431401599,911202
1107,18,135,18135,Randolph,Randolph County,0.06416788868949837,1304531
1108,18,093,18093,Lawrence,Lawrence County,0.06516355091680937,1300543
1109,18,143,18143,Scott,Scott County,0.07440699936359588,554679
1110,18,161,18161,Union,Union County,0.05770828819011274,475339
1111,18,023,18023,Clinton,Clinton County,0.06769942351176772,1166199
1112,18,151,18151,Steuben,Steuben County,0.09773983172123657,927984
1113,18,147,18147,Spencer,Spencer County,0.06559824935142729,1155229
1114,18,125,18125,Pike,Pike County,0.05329680852797836,981616
1115,55,005,55005,Barron,Barron County,0.06211397227532527,2560535
1116,55,027,55027,Dodge,Dodge County,0.07010711889964169,2610277
1117,55,121,55121,Trempealeau,Trempealeau County,0.049460353320351466,2135286
1118,18,017,18017,Cass,Cass County,0.08323177090531701,1193847
1119,18,131,18131,Pulaski,Pulaski County,0.05378168732506997,1250500
1120,55,091,55091,Pepin,Pepin County,0.04384785846623315,715702
1121,55,085,55085,Oneida,Oneida County,0.04802082940902934,3556894
1122,55,007,55007,Bayfield,Bayfield County,0.03769389404427739,4350572
1123,18,067,18067,Howard,Howard County,0.14510360743263773,845837
1124,18,115,18115,Ohio,Ohio County,0.05798679697467102,251609
1125,55,021,55021,Columbia,Columbia County,0.061822153749706954,2290619
1126,18,033,18033,DeKalb,DeKalb County,0.08659153051781292,1047077
1127,18,077,18077,Jefferson,Jefferson County,0.06830051652714497,1044282
1128,18,089,18089,Lake,Lake County,0.3925638080565624,1453970
1129,18,053,18053,Grant,Grant County,0.11110617894009506,1193975
1130,18,133,18133,Putnam,Putnam County,0.059482912529659746,1389088
1131,18,123,18123,Perry,Perry County,0.0531159733835413,1111643
1132,18,095,18095,Madison,Madison County,0.14796710665631396,1303364
1133,18,049,18049,Fulton,Fulton County,0.06445734417060085,1068412
1134,18,119,18119,Owen,Owen County,0.05094248160689149,1116043
1135,26,013,26013,Baraga,Baraga County,0.03263767635194162,2640813
1136,18,179,18179,Wells,Wells County,0.0672008244187116,1065478
1137,18,055,18055,Greene,Greene County,0.05450421892584162,1571016
1138,26,063,26063,Huron,Huron County,0.06651568123856053,2444386
1139,18,167,18167,Vigo,Vigo County,0.13624145675954139,1181197
1140,18,099,18099,Marshall,Marshall County,0.08384932402257946,1294274
1141,18,177,18177,Wayne,Wayne County,0.10377855487270893,1163593
1142,26,035,26035,Clare,Clare County,0.07566384108280158,1655705
1143,18,091,18091,LaPorte,LaPorte County,0.10250640121982796,1737950
1144,26,089,26089,Leelanau,Leelanau County,0.06604240360969774,1083304
1145,26,059,26059,Hillsdale,Hillsdale County,0.06950537230604713,1746829
1146,18,051,18051,Gibson,Gibson County,0.070765589376773,1436475
1147,26,007,26007,Alpena,Alpena County,0.0609087599526442,1722281
1148,26,033,26033,Chippewa,Chippewa County,0.04347573971183407,4707982
1149,26,043,26043,Dickinson,Dickinson County,0.048996844568149456,2236144
1150,18,019,18019,Clark,Clark County,0.14800739921614092,1083358
1151,18,163,18163,Vanderburgh,Vanderburgh County,0.2716073888808019,680103
1152,55,137,55137,Waushara,Waushara County,0.0511679583407839,1834312
1153,18,155,18155,Switzerland,Switzerland County,0.05289366989783937,643007
1154,18,037,18037,Dubois,Dubois County,0.06826035280021904,1252777
1155,18,159,18159,Tipton,Tipton County,0.0650773943437517,749861
1156,18,139,18139,Rush,Rush County,0.05515164405121443,1175450
1157,18,175,18175,Washington,Washington County,0.04955813049309919,1486638
1158,18,145,18145,Shelby,Shelby County,0.07817806491588751,1187814
1159,26,015,26015,Barry,Barry County,0.07265794413234229,1660603
1160,26,031,26031,Cheboygan,Cheboygan County,0.059330683458998,2291681
1161,18,171,18171,Warren,Warren County,0.04577742624437135,1054428
1162,27,133,27133,Rock,Rock County,0.04587478225818061,1389260
1163,55,131,55131,Washington,Washington County,0.16360837855835522,1253915
1164,55,061,55061,Kewaunee,Kewaunee County,0.06028279971720028,990100
1165,55,093,55093,Pierce,Pierce County,0.059570288419651,1703282
1166,27,111,27111,Otter Tail,Otter Tail County,0.044172450185299625,6401524
1167,27,157,27157,Wabasha,Wabasha County,0.05136332968480371,1581459
1168,27,073,27073,Lac qui Parle,Lac qui Parle County,0.03684004137554019,2239004
1169,27,057,27057,Hubbard,Hubbard County,0.03722181586588201,2876512
1170,27,081,27081,Lincoln,Lincoln County,0.04090500364052061,1578071
1171,27,137,27137,St. Louis,St. Louis County,0.029096981295784398,19401669
1172,27,155,27155,Traverse,Traverse County,0.037972911489868054,1685807
1173,27,083,27083,Lyon,Lyon County,0.05356403516373475,2077140
1174,27,119,27119,Polk,Polk County,0.04191318891721305,5749312
1175,27,153,27153,Todd,Todd County,0.04256630242519403,2818826
1176,55,049,55049,Iowa,Iowa County,0.04637090023177079,2209942
1177,27,159,27159,Wadena,Wadena County,0.04216334538262305,1563301
1178,27,169,27169,Winona,Winona County,0.061560351448462926,1846302
1179,27,151,27151,Swift,Swift County,0.04254148495823786,2164640
1180,27,131,27131,Rice,Rice County,0.08093090544658084,1484748
1181,27,027,27027,Clay,Clay County,0.05614151261979971,3029327
1182,27,075,27075,Lake,Lake County,0.014206811896174051,6585714
1183,27,105,27105,Nobles,Nobles County,0.05187392092645227,2079330
1184,27,171,27171,Wright,Wright County,0.10450312742182419,2055527
1185,27,037,27037,Dakota,Dakota County,0.2708411788251065,1688868
1186,27,165,27165,Watonwan,Watonwan County,0.049086134644699235,1265449
1187,27,001,27001,Aitkin,Aitkin County,0.02076111611136035,5741936
1188,27,141,27141,Sherburne,Sherburne County,0.10978977933262815,1298017
1189,27,127,27127,Redwood,Redwood County,0.04389050644983818,2537428
1190,27,007,27007,Beltrami,Beltrami County,0.02079010685517164,8792836
1191,27,147,27147,Steele,Steele County,0.07645004066961802,1244172
1192,27,097,27097,Morrison,Morrison County,0.04446910213405173,3319226
1193,27,121,27121,Pope,Pope County,0.03623891399557481,2063638
1194,18,005,18005,Bartholomew,Bartholomew County,0.10052082184295244,1178522
1195,18,129,18129,Posey,Posey County,0.06592095253406347,1206718
1196,18,063,18063,Hendricks,Hendricks County,0.1823977748573158,1176374
1197,18,101,18101,Martin,Martin County,0.06194034421510382,979620
1198,18,075,18075,Jay,Jay County,0.061960841790229176,1105311
1199,18,165,18165,Vermillion,Vermillion County,0.07517770698167515,748001
1200,18,015,18015,Carroll,Carroll County,0.06262086577655711,1079193
1201,18,157,18157,Tippecanoe,Tippecanoe County,0.13789419970322167,1448219
1202,55,001,55001,Adams,Adams County,0.05691062244479289,1981493
1203,55,079,55079,Milwaukee,Milwaukee County,0.7808862571837644,699842
1204,55,011,55011,Buffalo,Buffalo County,0.03681991648576159,2042047
1205,27,047,27047,Freeborn,Freeborn County,0.060482222344078136,2078958
1206,55,141,55141,Wood,Wood County,0.0751094012756792,2329269
1207,55,109,55109,St. Croix,St. Croix County,0.08535730547667496,2117124
1208,55,103,55103,Richland,Richland County,0.04781299366632918,1695857
1209,27,129,27129,Renville,Renville County,0.0442469308950173,2840649
1210,55,097,55097,Portage,Portage County,0.06921674312362543,2367563
1211,18,149,18149,Starke,Starke County,0.06885237143327798,898444
1212,18,083,18083,Knox,Knox County,0.07005229901482635,1508059
1213,18,181,18181,White,White County,0.06239134013773203,1463857
1214,18,061,18061,Harrison,Harrison County,0.05631275850665912,1400109
1215,18,117,18117,Orange,Orange County,0.052243430943393655,1174674
1216,18,137,18137,Ripley,Ripley County,0.05873374958993477,1289429
1217,18,103,18103,Miami,Miami County,0.0844790945386508,1086032
1218,18,153,18153,Sullivan,Sullivan County,0.0612687631617611,1306816
1219,18,059,18059,Hancock,Hancock County,0.12580074879915976,883548
1220,18,035,18035,Delaware,Delaware County,0.14397809946696882,1139333
1221,18,183,18183,Whitley,Whitley County,0.07124280800259143,972435
1222,18,021,18021,Clay,Clay County,0.06651442061956683,1036918
1223,18,073,18073,Jasper,Jasper County,0.0641759060725056,1615544
1224,18,057,18057,Hamilton,Hamilton County,0.31451544661252134,1158118
1225,55,039,55039,Fond du Lac,Fond du Lac County,0.08260126021994636,2203901
1226,55,069,55069,Lincoln,Lincoln County,0.03868640320966578,2610116
1227,55,037,55037,Florence,Florence County,0.028394141669675826,1431739
1228,55,127,55127,Walworth,Walworth County,0.12301824793982163,1659201
1229,55,043,55043,Grant,Grant County,0.049560338103874384,3405344
1230,27,059,27059,Isanti,Isanti County,0.06280942903106927,1299773
1231,55,067,55067,Langlade,Langlade County,0.03446827795980795,2555132
1232,27,067,27067,Kandiyohi,Kandiyohi County,0.054881780844382826,2481789
1233,27,021,27021,Cass,Cass County,0.02726911415396809,6946907
1234,27,143,27143,Sibley,Sibley County,0.042776159872331736,1728229
1235,27,031,27031,Cook,Cook County,0.015923003156979493,4626891
1236,27,079,27079,Le Sueur,Le Sueur County,0.05718457759716376,1363497
1237,27,003,27003,Anoka,Anoka County,0.28529632618469714,1283788
1238,27,135,27135,Roseau,Roseau County,0.029178460341260575,4829213
1239,27,029,27029,Clearwater,Clearwater County,0.027052656231755724,2963258
1240,55,073,55073,Marathon,Marathon County,0.061244914627465806,4536295
1241,27,061,27061,Itasca,Itasca County,0.02703059076424749,8425713
1242,55,009,55009,Brown,Brown County,0.22107106679205885,1543956
1243,55,033,55033,Dunn,Dunn County,0.05279834273589364,2486025
1244,55,089,55089,Ozaukee,Ozaukee County,0.20913466867465427,676631
1245,27,103,27103,Nicollet,Nicollet County,0.05841758863558527,1343140
1246,55,003,55003,Ashland,Ashland County,0.029141215249279206,3041088
1247,55,065,55065,Lafayette,Lafayette County,0.04350914084040424,1826145
1248,55,019,55019,Clark,Clark County,0.040518956498731516,3507346
1249,55,101,55101,Racine,Racine County,0.2173673046058344,980083
1250,55,035,55035,Eau Claire,Eau Claire County,0.08406499397635457,1856849
1251,27,089,27089,Marshall,Marshall County,0.03187894988747535,5217079
1252,55,055,55055,Jefferson,Jefferson County,0.08851684199290506,1676969
1253,55,031,55031,Douglas,Douglas County,0.04318592180419597,3862995
1254,55,087,55087,Outagamie,Outagamie County,0.1409079539230527,1854984
1255,55,057,55057,Juneau,Juneau County,0.0512971336255518,2313794
1256,55,077,55077,Marquette,Marquette County,0.04869985096691944,1336616
1257,55,119,55119,Taylor,Taylor County,0.034022521423803555,2832947
1258,27,163,27163,Washington,Washington County,0.23834531646734963,1216571
1259,27,093,27093,Meeker,Meeker County,0.04815897917365064,1855438
1260,55,051,55051,Iron,Iron County,0.028844688573645128,2309888
1261,55,081,55081,Monroe,Monroe County,0.059492312371944606,2613615
1262,55,123,55123,Vernon,Vernon County,0.05045934428518164,2349436
1263,27,051,27051,Grant,Grant County,0.03954621786832058,1656037
1264,55,059,55059,Kenosha,Kenosha County,0.23512164216612477,801819
1265,55,017,55017,Chippewa,Chippewa County,0.06041985644815301,2996548
1266,55,023,55023,Crawford,Crawford County,0.04912302067113783,1724385
1267,27,109,27109,Olmsted,Olmsted County,0.1134479309548888,1884565
1268,27,041,27041,Douglas,Douglas County,0.05918701525462419,2072093
1269,27,071,27071,Koochiching,Koochiching County,0.012804603341777038,9076189
1270,27,017,27017,Carlton,Carlton County,0.038240356041853184,2518805
1271,55,029,55029,Door,Door County,0.08033854777798248,1427509
1272,55,053,55053,Jackson,Jackson County,0.03862673766473423,2878576
1273,55,071,55071,Manitowoc,Manitowoc County,0.0916677850195177,1713830
1274,55,047,55047,Green Lake,Green Lake County,0.05082815252376499,1093941
1275,55,105,55105,Rock,Rock County,0.11631095569377638,2089571
1276,55,095,55095,Polk,Polk County,0.05064863578478481,2752315
1277,55,129,55129,Washburn,Washburn County,0.04045737862867856,2455646
1278,55,015,55015,Calumet,Calumet County,0.0768796577953423,1142708
1279,55,025,55025,Dane,Dane County,0.14997816674767608,3563372
1280,55,045,55045,Green,Green County,0.05669527848512937,1681939
1281,55,099,55099,Price,Price County,0.029293957244717565,3678984
1282,55,125,55125,Vilas,Vilas County,0.04670180354755496,2929116
1283,55,063,55063,La Crosse,La Crosse County,0.1070704510897111,1381100
1284,55,013,55013,Burnett,Burnett County,0.04084685243047674,2533145
1285,27,107,27107,Norman,Norman County,0.03490931718375953,2523080
1286,27,009,27009,Benton,Benton County,0.07160157725548459,1188647
1287,55,113,55113,Sawyer,Sawyer County,0.030661627080765738,3885769
1288,08,027,08027,Custer,Custer County,0.007919366450683946,2129337
1289,08,071,08071,Las Animas,Las Animas County,0.004487301744500678,13742557
1290,08,017,08017,Cheyenne,Cheyenne County,0.015062220388625066,5126535
1291,08,065,08065,Lake,Lake County,0.012871154493680282,1104796
1292,08,049,08049,Grand,Grand County,0.012908782607677428,5380213
1293,08,077,08077,Mesa,Mesa County,0.025864559683245258,9615010
1294,08,125,08125,Yuma,Yuma County,0.024411333186729292,6816547
1295,08,003,08003,Alamosa,Alamosa County,0.027287398081229458,2081437
1296,08,093,08093,Park,Park County,0.010302710597653099,6361918
1297,08,079,08079,Mineral,Mineral County,0.003979751682180427,2526037
1298,08,041,08041,El Paso,El Paso County,0.1003577953851624,6128363
1299,08,045,08045,Garfield,Garfield County,0.01325460084365308,8506103
1300,08,019,08019,Clear Creek,Clear Creek County,0.018904454891896915,1140948
1301,08,011,08011,Bent,Bent County,0.010659817325343036,4434879
1302,08,055,08055,Huerfano,Huerfano County,0.007229774395881238,4585067
1303,37,169,37169,Stokes,Stokes County,0.07712043246442335,1311183
1304,08,111,08111,San Juan,San Juan County,0.006744760438852398,1117460
1305,08,025,08025,Crowley,Crowley County,0.020216821865064013,2303181
1306,08,073,08073,Lincoln,Lincoln County,0.01701763201169377,7443280
1307,37,179,37179,Union,Union County,0.15331763391595776,1840408
1308,27,139,27139,Scott,Scott County,0.17048426942657194,1060133
1309,27,063,27063,Jackson,Jackson County,0.04554883030777712,2069647
1310,08,059,08059,Jefferson,Jefferson County,0.1948621345728906,2227462
1311,08,043,08043,Fremont,Fremont County,0.021548978369468792,4414316
1312,08,087,08087,Morgan,Morgan County,0.02894245807970128,3723077
1313,08,113,08113,San Miguel,San Miguel County,0.008664019844157133,3708094
1314,08,051,08051,Gunnison,Gunnison County,0.006938898780026675,9380451
1315,08,091,08091,Ouray,Ouray County,0.011439682431852177,1560358
1316,08,097,08097,Pitkin,Pitkin County,0.013040817404990523,2800668
1317,08,089,08089,Otero,Otero County,0.02171762868038462,3653898
1318,08,069,08069,Larimer,Larimer County,0.049547850533746794,7579905
1319,37,119,37119,Mecklenburg,Mecklenburg County,0.6432758589956123,1570788
1320,27,025,27025,Chisago,Chisago County,0.07922580016777839,1273108
1321,27,101,27101,Murray,Murray County,0.04144572005895773,2070636
1322,27,035,27035,Crow Wing,Crow Wing County,0.05623940129245642,3328236
1323,27,011,27011,Big Stone,Big Stone County,0.03839337947154485,1519637
1324,27,077,27077,Lake of the Woods,Lake of the Woods County,0.01058052999190858,5106644
1325,27,033,27033,Cottonwood,Cottonwood County,0.04086856072499006,1866398
1326,27,125,27125,Red Lake,Red Lake County,0.035344206289967116,1244617
1327,27,015,27015,Brown,Brown County,0.05127981822513294,1779784
1328,27,085,27085,McLeod,McLeod County,0.06406272232544424,1454793
1329,27,043,27043,Faribault,Faribault County,0.04874357636448704,2077484
1330,27,145,27145,Stearns,Stearns County,0.07562624795221463,4000053
1331,27,167,27167,Wilkin,Wilkin County,0.042123541604317354,2161879
1332,27,005,27005,Becker,Becker County,0.03608949916878378,4158966
1333,27,087,27087,Mahnomen,Mahnomen County,0.026351466560465886,1677326
1334,27,023,27023,Chippewa,Chippewa County,0.0467417130607566,1691487
1335,27,099,27099,Mower,Mower County,0.06036835258083168,2047712
1336,27,117,27117,Pipestone,Pipestone County,0.047503313031306185,1340917
1337,27,113,27113,Pennington,Pennington County,0.04275503332692539,1779042
1338,27,123,27123,Ramsey,Ramsey County,0.7570123246918827,489424
1339,27,149,27149,Stevens,Stevens County,0.04454170522333067,1655572
1340,27,013,27013,Blue Earth,Blue Earth County,0.06996958041672378,2203186
1341,27,065,27065,Kanabec,Kanabec County,0.03659748303182152,1535816
1342,27,161,27161,Waseca,Waseca County,0.05665447272575511,1245974
1343,27,019,27019,Carver,Carver County,0.12412723901247388,1082341
1344,27,115,27115,Pine,Pine County,0.033609241966243236,4128299
1345,27,173,27173,Yellow Medicine,Yellow Medicine County,0.04250113255310479,2196365
1346,27,039,27039,Dodge,Dodge County,0.05599969012029182,1265007
1347,27,049,27049,Goodhue,Goodhue County,0.06297062997346595,2245793
1348,27,045,27045,Fillmore,Fillmore County,0.04534772920751212,2480896
1349,27,069,27069,Kittson,Kittson County,0.029381009132858613,3175895
1350,27,055,27055,Houston,Houston County,0.043118825550340016,1636988
1351,27,091,27091,Martin,Martin County,0.05163106379938558,2099550
1352,20,121,20121,Miami,Miami County,0.06521577867187583,1698546
1353,20,053,20053,Ellsworth,Ellsworth County,0.03653294027665143,2081464
1354,45,037,45037,Edgefield,Edgefield County,0.061427319349365565,1458146
1355,37,165,37165,Scotland,Scotland County,0.10903592043330589,921843
1356,37,161,37161,Rutherford,Rutherford County,0.11595197023839864,1628407
1357,31,057,31057,Dundy,Dundy County,0.01781852418589469,2649995
1358,37,133,37133,Onslow,Onslow County,0.10762808201232914,2309165
1359,31,153,31153,Sarpy,Sarpy County,0.25068899530935645,712269
1360,08,039,08039,Elbert,Elbert County,0.02962630193398009,5326787
1361,37,155,37155,Robeson,Robeson County,0.08385498178995913,2736677
1362,08,015,08015,Chaffee,Chaffee County,0.015356072088493595,2920799
1363,08,057,08057,Jackson,Jackson County,0.005155309928494943,4664705
1364,19,023,19023,Butler,Butler County,0.04936467139298029,1674173
1365,37,055,37055,Dare,Dare County,0.07463733166695324,1192205
1366,37,143,37143,Perquimans,Perquimans County,0.05389647836608106,724834
1367,37,013,37013,Beaufort,Beaufort County,0.05299388830142498,2464454
1368,19,121,19121,Madison,Madison County,0.043768954121907226,1617722
1369,19,111,19111,Lee,Lee County,0.06654010294479905,1550734
1370,20,125,20125,Montgomery,Montgomery County,0.06758099017929063,1874610
1371,56,007,56007,Carbon,Carbon County,0.006308494321434456,22918464
1372,45,083,45083,Spartanburg,Spartanburg County,0.22793247180492987,2357593
1373,08,099,08099,Prowers,Prowers County,0.020054040985941567,4731964
1374,08,119,08119,Teller,Teller County,0.02274048345674745,1608541
1375,31,133,31133,Pawnee,Pawnee County,0.0348054916419149,1246039
1376,20,079,20079,Harvey,Harvey County,0.06501782771766654,1556004
1377,19,109,19109,Kossuth,Kossuth County,0.045526199409389845,2803880
1378,31,121,31121,Merrick,Merrick County,0.04706187425289828,1422999
1379,37,005,37005,Alleghany,Alleghany County,0.08877946596586377,680743
1380,19,149,19149,Plymouth,Plymouth County,0.05049007617864488,2485736
1381,56,021,56021,Laramie,Laramie County,0.027142408299791705,7734170
1382,19,139,19139,Muscatine,Muscatine County,0.08000188780408926,1292507
1383,19,021,19021,Buena Vista,Buena Vista County,0.053458594068620316,1669797
1384,08,063,08063,Kit Carson,Kit Carson County,0.02762953065532587,6220844
1385,08,033,08033,Dolores,Dolores County,0.006974665881980156,3073839
1386,37,177,37177,Tyrrell,Tyrrell County,0.014633397967228484,1173275
1387,08,067,08067,La Plata,La Plata County,0.020122591471342988,4891368
1388,20,031,20031,Coffey,Coffey County,0.04274620414195996,1882249
1389,08,109,08109,Saguache,Saguache County,0.005722361084744039,9123332
1390,08,061,08061,Kiowa,Kiowa County,0.015996217597123507,5139590
1391,08,123,08123,Weld,Weld County,0.0443782531359913,11559423
1392,08,105,08105,Rio Grande,Rio Grande County,0.01858013659915932,2625492
1393,08,031,08031,Denver,Denver County,0.7803800284998899,444914
1394,08,115,08115,Sedgwick,Sedgwick County,0.029964820935907313,1581054
1395,45,029,45029,Colleton,Colleton County,0.04487945881564721,3095581
1396,08,021,08021,Conejos,Conejos County,0.01388172205385207,3715029
1397,08,081,08081,Moffat,Moffat County,0.007145444273682664,13672068
1398,08,083,08083,Montezuma,Montezuma County,0.013719290978348772,5871076
1399,20,205,20205,Wilson,Wilson County,0.04651789544924436,1654890
1400,08,107,08107,Routt,Routt County,0.008634699179523826,6814945
1401,08,103,08103,Rio Blanco,Rio Blanco County,0.007538711954934855,9274396
1402,08,095,08095,Phillips,Phillips County,0.03498379570824901,1980031
1403,37,113,37113,Macon,Macon County,0.09517887410111626,1495605
1404,08,085,08085,Montrose,Montrose County,0.018019700171130672,6453548
1405,08,075,08075,Logan,Logan County,0.02940285140361798,5309315
1406,08,001,08001,Adams,Adams County,0.12960245107909826,3406826
1407,08,117,08117,Summit,Summit County,0.04509543260179468,1782043
1408,08,009,08009,Baca,Baca County,0.02338660650980117,7359426
1409,08,007,08007,Archuleta,Archuleta County,0.008228091642113904,3900783
1410,20,023,20023,Cheyenne,Cheyenne County,0.02808245707544633,2938062
1411,08,121,08121,Washington,Washington County,0.022620006280849234,7263349
1412,08,037,08037,Eagle,Eagle County,0.021075904270494578,4868593
1413,37,157,37157,Rockingham,Rockingham County,0.10774421806351166,1648107
1414,08,101,08101,Pueblo,Pueblo County,0.04111701926464478,6900257
1415,08,035,08035,Douglas,Douglas County,0.13616407780239043,2425581
1416,20,169,20169,Saline,Saline County,0.06914836729207796,2075754
1417,20,043,20043,Doniphan,Doniphan County,0.0471018444434168,1146091
1418,20,073,20073,Greenwood,Greenwood County,0.02828600860325397,3317117
1419,20,033,20033,Comanche,Comanche County,0.02507626904966102,2272547
1420,31,049,31049,Deuel,Deuel County,0.0332939614334105,1268248
1421,20,139,20139,Osage,Osage County,0.04744948346718489,2071698
1422,37,009,37009,Ashe,Ashe County,0.0807540247898561,1235344
1423,20,189,20189,Stevens,Stevens County,0.03890114163070857,2093409
1424,20,199,20199,Wallace,Wallace County,0.026411427571755096,2629430
1425,31,177,31177,Washington,Washington County,0.05427892654748058,1131452
1426,56,041,56041,Uinta,Uinta County,0.014473953608376127,6007550
1427,37,125,37125,Moore,Moore County,0.1066477426012024,2031276
1428,20,029,20029,Cloud,Cloud County,0.04179849085204281,2066199
1429,31,123,31123,Morrill,Morrill County,0.01600998151068045,4114808
1430,31,029,31029,Chase,Chase County,0.02754288802883104,2582772
1431,37,141,37141,Pender,Pender County,0.04375139556150294,2534822
1432,31,085,31085,Hayes,Hayes County,0.018932102924462072,2052651
1433,37,131,37131,Northampton,Northampton County,0.044553149487034496,1584512
1434,20,111,20111,Lyon,Lyon County,0.0510932684627941,2461518
1435,56,005,56005,Campbell,Campbell County,0.007954264245739095,13832329
1436,37,003,37003,Alexander,Alexander County,0.10133503464130171,758632
1437,56,033,56033,Sheridan,Sheridan County,0.010053029082114497,7272236
1438,31,073,31073,Gosper,Gosper County,0.031836505418979644,1331616
1439,20,041,20041,Dickinson,Dickinson County,0.04556500657093469,2451706
1440,19,119,19119,Lyon,Lyon County,0.04648836431099292,1691434
1441,19,053,19053,Decatur,Decatur County,0.041840638976137406,1535206
1442,37,121,37121,Mitchell,Mitchell County,0.0690093797182173,639145
1443,56,023,56023,Lincoln,Lincoln County,0.007144002034403791,11785271
1444,37,103,37103,Jones,Jones County,0.03133256668854982,1361778
1445,37,153,37153,Richmond,Richmond County,0.09618463325255074,1381073
1446,31,161,31161,Sheridan,Sheridan County,0.012907740789400744,7107518
1447,31,125,31125,Nance,Nance County,0.033011075528640015,1289961
1448,19,167,19167,Sioux,Sioux County,0.06213197033665662,2212967
1449,20,093,20093,Kearny,Kearny County,0.032619732223041875,2506489
1450,37,097,37097,Iredell,Iredell County,0.1686070524014673,1719074
1451,37,091,37091,Hertford,Hertford County,0.05193908031388036,1032113
1452,56,039,56039,Teton,Teton County,0.004974670881345858,12133466
1453,37,065,37065,Edgecombe,Edgecombe County,0.06787726318128633,1458014
1454,37,071,37071,Gaston,Gaston County,0.3005880915750776,1047796
1455,20,135,20135,Ness,Ness County,0.03194797504001821,3093592
1456,20,193,20193,Thomas,Thomas County,0.037631420611588584,3093027
1457,20,095,20095,Kingman,Kingman County,0.036339425656562334,2494013
1458,19,043,19043,Clayton,Clayton County,0.04291383784082356,2281129
1459,37,057,37057,Davidson,Davidson County,0.1629815750526274,1631755
1460,31,145,31145,Red Willow,Red Willow County,0.03500035813914771,2066236
1461,19,143,19143,Osceola,Osceola County,0.050305557102288546,1149376
1462,20,035,20035,Cowley,Cowley County,0.046483132944933135,3258838
1463,31,005,31005,Arthur,Arthur County,0.005417209290625199,2067116
1464,08,047,08047,Gilpin,Gilpin County,0.03816800954662769,432404
1465,08,029,08029,Delta,Delta County,0.021507487580198142,3305407
1466,08,053,08053,Hinsdale,Hinsdale County,0.002860936872516752,3232158
1467,20,153,20153,Rawlins,Rawlins County,0.028288692028113252,3077979
1468,37,187,37187,Washington,Washington County,0.03528106529339559,1084321
1469,08,023,08023,Costilla,Costilla County,0.011283095550449842,3540695
1470,37,145,37145,Person,Person County,0.07427358630107771,1162836
1471,20,165,20165,Rush,Rush County,0.040855579152784205,2066156
1472,20,157,20157,Republic,Republic County,0.0414111539095984,2073282
1473,37,025,37025,Cabarrus,Cabarrus County,0.26176670791489265,1048934
1474,31,067,31067,Gage,Gage County,0.04783953922238524,2474773
1475,31,113,31113,Logan,Logan County,0.010335308888049262,1643589
1476,37,105,37105,Lee,Lee County,0.1298091562606056,745479
1477,37,021,37021,Buncombe,Buncombe County,0.20572819750227006,1899725
1478,37,073,37073,Gates,Gates County,0.033347037779035416,994811
1479,31,129,31129,Nuckolls,Nuckolls County,0.03775275772733938,1657071
1480,31,183,31183,Wheeler,Wheeler County,0.012726118002748069,1656436
1481,31,119,31119,Madison,Madison County,0.061197636754934094,1656028
1482,31,115,31115,Loup,Loup County,0.010501861054640224,1643423
1483,31,103,31103,Keya Paha,Keya Paha County,0.023626169600686798,2227149
1484,37,037,37037,Chatham,Chatham County,0.07438183215598733,2042730
1485,31,071,31071,Garfield,Garfield County,0.010887261320422524,1644307
1486,31,155,31155,Saunders,Saunders County,0.04667867331697283,2186566
1487,31,181,31181,Webster,Webster County,0.03580665590223056,1654832
1488,31,157,31157,Scotts Bluff,Scotts Bluff County,0.055602797995677314,2144964
1489,31,015,31015,Boyd,Boyd County,0.02827079722371837,1566988
1490,56,003,56003,Big Horn,Big Horn County,0.008958075743508737,9090680
1491,56,009,56009,Converse,Converse County,0.005904667239700664,12273850
1492,37,023,37023,Burke,Burke County,0.1293008765017649,1482256
1493,20,173,20173,Sedgwick,Sedgwick County,0.20432776823344148,2903991
1494,20,209,20209,Wyandotte,Wyandotte County,0.49434052928509137,449512
1495,20,203,20203,Wichita,Wichita County,0.03198136487673864,2067923
1496,20,131,20131,Nemaha,Nemaha County,0.0411779451163586,2070453
1497,56,035,56035,Sublette,Sublette County,0.005274544111488759,14203692
1498,20,119,20119,Meade,Meade County,0.027516422034852717,2818317
1499,20,129,20129,Morton,Morton County,0.029973464193799933,2100558
1500,31,039,31039,Cuming,Cuming County,0.0426747082224989,1653743
1501,20,191,20191,Sumner,Sumner County,0.04487637596673604,3410057
1502,20,123,20123,Mitchell,Mitchell County,0.040727064692290524,2069582
1503,56,019,56019,Johnson,Johnson County,0.0059731011505782024,12013525
1504,31,163,31163,Sherman,Sherman County,0.03665135018652713,1645069
1505,56,001,56001,Albany,Albany County,0.007089358172149666,12399571
1506,31,043,31043,Dakota,Dakota County,0.06447995550866177,769588
1507,37,181,37181,Vance,Vance County,0.11038613962126607,776429
1508,20,107,20107,Linn,Linn County,0.04934477270916871,1744967
1509,20,167,20167,Russell,Russell County,0.04030129775000261,2588403
1510,20,061,20061,Geary,Geary County,0.06917202158001443,1164040
1511,56,037,56037,Sweetwater,Sweetwater County,0.005861671974120392,30190874
1512,31,149,31149,Rock,Rock County,0.009686331971112398,2911422
1513,56,025,56025,Natrona,Natrona County,0.01116492826604695,15469871
1514,20,115,20115,Marion,Marion County,0.04162772675054734,2744613
1515,31,147,31147,Richardson,Richardson County,0.03831701153501767,1595923
1516,20,147,20147,Phillips,Phillips County,0.043555833516230595,2574305
1517,31,141,31141,Platte,Platte County,0.05528393713161469,1970084
1518,37,167,37167,Stanly,Stanly County,0.10570100822130397,1165022
1519,37,059,37059,Davie,Davie County,0.09425286458231596,767913
1520,31,077,31077,Greeley,Greeley County,0.02478434496037647,1642206
1521,31,105,31105,Kimball,Kimball County,0.024576703138893034,2740807
1522,56,043,56043,Washakie,Washakie County,0.007239275229583817,6453961
1523,20,207,20207,Woodson,Woodson County,0.03561484982626231,1453916
1524,31,061,31061,Franklin,Franklin County,0.032302785297029374,1657597
1525,20,149,20149,Pottawatomie,Pottawatomie County,0.043084072096930194,2480383
1526,31,033,31033,Cheyenne,Cheyenne County,0.03302329998899204,3442963
1527,31,025,31025,Cass,Cass County,0.054628565673116664,1628269
1528,37,019,37019,Brunswick,Brunswick County,0.10698251956007261,2568242
1529,19,179,19179,Wapello,Wapello County,0.0740635953412085,1254746
1530,19,145,19145,Page,Page County,0.04966527272680076,1540956
1531,20,087,20087,Jefferson,Jefferson County,0.051457814305413456,1601953
1532,20,037,20037,Crawford,Crawford County,0.06855456613857963,1712344
1533,20,195,20195,Trego,Trego County,0.03226105493777113,2588911
1534,19,097,19097,Jackson,Jackson County,0.045513338290280994,1869430
1535,37,045,37045,Cleveland,Cleveland County,0.14962731757707445,1347528
1536,56,017,56017,Hot Springs,Hot Springs County,0.004425899139032291,5773968
1537,20,201,20201,Washington,Washington County,0.039752538475905215,2586099
1538,20,001,20001,Allen,Allen County,0.053981130739182426,1454323
1539,31,091,31091,Hooker,Hooker County,0.0033463130594346235,2076315
1540,20,055,20055,Finney,Finney County,0.03832349130462966,3748719
1541,20,015,20015,Butler,Butler County,0.047975893143051104,4162799
1542,37,197,37197,Yadkin,Yadkin County,0.09156502213065891,971277
1543,37,195,37195,Wilson,Wilson County,0.12072077097948425,1075515
1544,17,131,17131,Mercer,Mercer County,0.04709490287420971,1636589
1545,41,053,41053,Polk,Polk County,0.07700058108358075,2140828
1546,17,159,17159,Richland,Richland County,0.07028360404512161,1041452
1547,31,047,31047,Dawson,Dawson County,0.04403239479684397,2933681
1548,31,023,31023,Butler,Butler County,0.04298426033700206,1700227
1549,55,133,55133,Waukesha,Waukesha County,0.3444135612940758,1670814
1550,17,059,17059,Gallatin,Gallatin County,0.04518853350359638,944421
1551,17,057,17057,Fulton,Fulton County,0.05290248052846966,2539862
1552,42,003,42003,Allegheny,Allegheny County,0.5235245331241164,2142593
1553,17,033,17033,Crawford,Crawford County,0.06366467857443499,1282972
1554,41,051,41051,Multnomah,Multnomah County,0.3290411611180396,1339881
1555,17,081,17081,Jefferson,Jefferson County,0.08080224860087454,1679978
1556,17,135,17135,Montgomery,Montgomery County,0.06845239552536252,2042266
1557,17,077,17077,Jackson,Jackson County,0.07867575799529282,1733520
1558,25,013,25013,Hampden,Hampden County,0.23347064988771235,1825223
1559,17,161,17161,Rock Island,Rock Island County,0.16705654792613456,1298686
1560,37,031,37031,Carteret,Carteret County,0.08521898080127795,1622608
1561,17,195,17195,Whiteside,Whiteside County,0.07286646511210225,2004420
1562,17,193,17193,White,White County,0.06244967058685048,1444235
1563,23,003,23003,Aroostook,Aroostook County,0.025733005974818916,19644110
1564,26,005,26005,Allegan,Allegan County,0.10100318144287548,2424686
1565,17,203,17203,Woodford,Woodford County,0.0746884751660644,1561593
1566,35,001,35001,Bernalillo,Bernalillo County,0.1497575839673464,3358895
1567,17,109,17109,McDonough,McDonough County,0.0604549370020649,1698389
1568,17,157,17157,Randolph,Randolph County,0.06640607271572024,1718638
1569,23,019,23019,Penobscot,Penobscot County,0.041010988873577445,10236354
1570,17,113,17113,McLean,McLean County,0.09436071901023023,3413804
1571,17,039,17039,De Witt,De Witt County,0.06099000456365614,1165732
1572,28,099,28099,Neshoba,Neshoba County,0.05639321939105828,1644985
1573,17,117,17117,Macoupin,Macoupin County,0.06623055237716864,2496899
1574,38,015,38015,Burleigh,Burleigh County,0.05229731291925427,4800935
1575,17,067,17067,Hancock,Hancock County,0.05776736291414408,2343659
1576,17,127,17127,Massac,Massac County,0.07048424598281902,695886
1577,17,141,17141,Ogle,Ogle County,0.07096073995772632,2195693
1578,17,089,17089,Kane,Kane County,0.3655961593788822,1508506
1579,17,149,17149,Pike,Pike County,0.04919143396898365,2442905
1580,17,199,17199,Williamson,Williamson County,0.1226271081727423,1278714
1581,40,121,40121,Pittsburg,Pittsburg County,0.045535150186069566,3964915
1582,23,027,23027,Waldo,Waldo County,0.05314012300747868,2196777
1583,17,037,17037,DeKalb,DeKalb County,0.09222558096115172,1826413
1584,17,087,17087,Johnson,Johnson County,0.05746176188180547,1003972
1585,17,121,17121,Marion,Marion County,0.08317865086321566,1657697
1586,17,105,17105,Livingston,Livingston County,0.06010957101849883,3009920
1587,40,089,40089,McCurtain,McCurtain County,0.03983976926189196,5474605
1588,20,077,20077,Harper,Harper County,0.04027808980131063,2310189
1589,17,047,17047,Edwards,Edwards County,0.057333874214032736,640930
1590,17,091,17091,Kankakee,Kankakee County,0.09959302325581396,1960800
1591,17,143,17143,Peoria,Peoria County,0.1476691432668088,1814719
1592,50,023,50023,Washington,Washington County,0.06109331667707683,2001250
1593,17,115,17115,Macon,Macon County,0.13933111149466396,1685991
1594,17,035,17035,Cumberland,Cumberland County,0.061124001470068384,998593
1595,25,009,25009,Essex,Essex County,0.36945210331352357,1533081
1596,17,187,17187,Warren,Warren County,0.05396175562710841,1562792
1597,48,085,48085,Collin,Collin County,0.2980684243176665,2550146
1598,17,045,17045,Edgar,Edgar County,0.05347965234940366,1795711
1599,25,021,25021,Norfolk,Norfolk County,0.4840903198434959,1187956
1600,17,189,17189,Washington,Washington County,0.05714741725249697,1622768
1601,45,069,45069,Marlboro,Marlboro County,0.06411089095298077,1396471
1602,17,041,17041,Douglas,Douglas County,0.06843618458422242,1200666
1603,48,455,48455,Trinity,Trinity County,0.049258734165879434,2054661
1604,48,265,48265,Kerr,Kerr County,0.04206243776480848,3186501
1605,12,105,12105,Polk,Polk County,0.1627126295575328,5785943
1606,48,083,48083,Coleman,Coleman County,0.027234891379332788,3687696
1607,12,073,12073,Leon,Leon County,0.13937874863399072,2019569
1608,12,123,12123,Taylor,Taylor County,0.07279826535744024,3032325
1609,01,073,01073,Jefferson,Jefferson County,0.2909830134912507,3234096
1610,12,111,12111,St. Lucie,St. Lucie County,0.23145966846059307,1760756
1611,48,349,48349,Navarro,Navarro County,0.053558988806291334,3125059
1612,17,101,17101,Lawrence,Lawrence County,0.07561727248409915,1076672
1613,05,007,05007,Benton,Benton County,0.13810373898607192,2543711
1614,12,007,12007,Bradford,Bradford County,0.08987389345992171,864745
1615,12,049,12049,Hardee,Hardee County,0.0358619435748281,1837017
1616,12,055,12055,Highlands,Highlands County,0.0985174996371195,3182866
1617,12,069,12069,Lake,Lake County,0.14499673371928007,3329475
1618,48,183,48183,Gregg,Gregg County,0.31236053027162497,793631
1619,09,009,09009,New Haven,New Haven County,0.4045871539110263,1788124
1620,48,157,48157,Fort Bend,Fort Bend County,0.24786907817246054,2547841
1621,48,001,48001,Anderson,Anderson County,0.053919563405910975,3102195
1622,48,119,48119,Delta,Delta County,0.04024775543527864,799821
1623,12,037,12037,Franklin,Franklin County,0.06972360308739473,1632833
1624,48,257,48257,Kaufman,Kaufman County,0.08983306593076101,2324211
1625,48,341,48341,Moore,Moore County,0.03170558028909591,2617678
1626,48,231,48231,Hunt,Hunt County,0.07953582857192387,2538114
1627,12,063,12063,Jackson,Jackson County,0.06516971895281128,2747012
1628,48,063,48063,Camp,Camp County,0.07519516890701992,584878
1629,12,131,12131,Walton,Walton County,0.06915082528585638,3302795
1630,30,111,30111,Yellowstone,Yellowstone County,0.03291801525672161,7623394
1631,17,153,17153,Pulaski,Pulaski County,0.0626977097304821,584822
1632,27,095,27095,Mille Lacs,Mille Lacs County,0.040540072049033316,1961442
1633,17,123,17123,Marshall,Marshall County,0.057481848089853155,1146849
1634,21,111,21111,Jefferson,Jefferson County,0.5424400320516461,1144403
1635,53,075,53075,Whitman,Whitman County,0.03111523382303215,6266641
1636,17,111,17111,McHenry,McHenry County,0.22507275329409168,1757996
1637,17,073,17073,Henry,Henry County,0.06806845945189509,2376005
1638,48,351,48351,Newton,Newton County,0.03793880003697883,2704250
1639,48,191,48191,Hall,Hall County,0.017932311060410856,2601784
1640,48,065,48065,Carson,Carson County,0.026563920102551028,2659359
1641,48,123,48123,DeWitt,DeWitt County,0.04530906509526136,2620160
1642,12,077,12077,Liberty,Liberty County,0.03409562535573376,2426323
1643,48,453,48453,Travis,Travis County,0.29533600613319594,2943979
1644,48,041,48041,Brazos,Brazos County,0.14724551616156628,1701444
1645,48,175,48175,Goliad,Goliad County,0.02221657021411496,2473064
1646,17,169,17169,Schuyler,Schuyler County,0.04452073130403288,1270060
1647,39,033,39033,Crawford,Crawford County,0.08637941984564194,1158864
1648,56,013,56013,Fremont,Fremont County,0.00672423261939311,26664604
1649,17,053,17053,Ford,Ford County,0.05856255672519635,1399290
1650,39,089,39089,Licking,Licking County,0.1162527155590286,1978414
1651,54,039,54039,Kanawha,Kanawha County,0.09661555997816416,2621379
1652,17,151,17151,Pope,Pope County,0.029580893247724546,1077148
1653,17,099,17099,LaSalle,LaSalle County,0.08680867986921541,3304059
1654,36,013,36013,Chautauqua,Chautauqua County,0.07809454686617685,3122113
1655,17,185,17185,Wabash,Wabash County,0.06425203489215721,654703
1656,27,053,27053,Hennepin,Hennepin County,0.5486849319306399,1745499
1657,40,051,40051,Grady,Grady County,0.0562840146617836,3179695
1658,29,047,29047,Clay,Clay County,0.2624589011220727,1176127
1659,41,039,41039,Lane,Lane County,0.038739656791881696,13291935
1660,53,055,53055,San Juan,San Juan County,0.11191179727634656,555357
1661,12,035,12035,Flagler,Flagler County,0.11180266236584462,1460806
1662,12,033,12033,Escambia,Escambia County,0.19049814294131248,2145328
1663,12,059,12059,Holmes,Holmes County,0.05269904430312289,1407350
1664,48,497,48497,Wise,Wise County,0.07389261269730786,2654988
1665,22,093,22093,St. James,St. James Parish,0.10075166486286867,741953
1666,12,121,12121,Suwannee,Suwannee County,0.0653844512769028,1992125
1667,12,009,12009,Brevard,Brevard County,0.20660402116901888,3726578
1668,12,125,12125,Union,Union County,0.07390685501767703,718729
1669,12,107,12107,Putnam,Putnam County,0.1178329468658312,2379674
1670,12,019,12019,Clay,Clay County,0.15303119068895973,1851995
1671,12,023,12023,Columbia,Columbia County,0.07942622449630073,2305989
1672,48,325,48325,Medina,Medina County,0.03424193834810672,3840466
1673,48,227,48227,Howard,Howard County,0.05729966503874575,2602092
1674,12,129,12129,Wakulla,Wakulla County,0.05608468758060996,1814292
1675,48,367,48367,Parker,Parker County,0.08783642923960978,2619050
1676,48,239,48239,Jackson,Jackson County,0.03603229491556629,2465899
1677,09,011,09011,New London,New London County,0.1517186274875854,2008725
1678,08,005,08005,Arapahoe,Arapahoe County,0.19057282896669725,2317917
1679,48,419,48419,Shelby,Shelby County,0.04940067031663093,2401850
1680,48,003,48003,Andrews,Andrews County,0.02457770667180284,4319687
1681,12,017,12017,Citrus,Citrus County,0.23517075825658043,1901665
1682,48,487,48487,Wilbarger,Wilbarger County,0.030633449721514095,2814146
1683,48,339,48339,Montgomery,Montgomery County,0.2544533392017435,3099079
1684,12,089,12089,Nassau,Nassau County,0.0866317203702159,1930009
1685,17,145,17145,Perry,Perry County,0.06289064170395395,1286185
1686,48,203,48203,Harrison,Harrison County,0.08245706104516697,2635311
1687,12,095,12095,Orange,Orange County,0.37494895490471064,2887153
1688,48,429,48429,Stephens,Stephens County,0.0207913182906282,2651828
1689,21,139,21139,Livingston,Livingston County,0.0443928340501381,985159
1690,37,183,37183,Wake,Wake County,0.3814701173418722,2467150
1691,48,263,48263,Kent,Kent County,0.01109414766103871,2598397
1692,12,085,12085,Martin,Martin County,0.13477771380659012,1948794
1693,12,065,12065,Jefferson,Jefferson County,0.03795207713029916,1763250
1694,48,047,48047,Brooks,Brooks County,0.014039736660114347,2715578
1695,48,159,48159,Franklin,Franklin County,0.05467909032065619,848167
1696,48,097,48097,Cooke,Cooke County,0.04688751598855593,2585443
1697,11,001,11001,District of Columbia,District of Columbia,0.7836566575983321,196655
1698,17,007,17007,Boone,Boone County,0.12835020552198642,811592
1699,12,113,12113,Santa Rosa,Santa Rosa County,0.09797482757890214,3304410
1700,48,177,48177,Gonzales,Gonzales County,0.04046470884566253,3078831
1701,12,133,12133,Washington,Washington County,0.07843967990251526,1772585
1702,12,119,12119,Sumter,Sumter County,0.11659677652314465,1668571
1703,48,259,48259,Kendall,Kendall County,0.04047216742520644,1908052
1704,12,067,12067,Lafayette,Lafayette County,0.06544077262527953,1576754
1705,48,113,48113,Dallas,Dallas County,0.6482690836775279,2614800
1706,01,087,01087,Macon,Macon County,0.04487477360872788,1764644
1707,17,085,17085,Jo Daviess,Jo Daviess County,0.05515830359559826,1780566
1708,17,103,17103,Lee,Lee County,0.06451792818809414,2097758
1709,48,313,48313,Madison,Madison County,0.04804805909261761,1359493
1710,48,129,48129,Donley,Donley County,0.01568744583488667,2685077
1711,48,163,48163,Frio,Frio County,0.029129172825229557,3264425
1712,17,079,17079,Jasper,Jasper County,0.051724751352154555,1433453
1713,48,477,48477,Washington,Washington County,0.055730025100140676,1789233
1714,48,207,48207,Haskell,Haskell County,0.031248341783319228,2619531
1715,12,013,12013,Calhoun,Calhoun County,0.05861531926943225,1652742
1716,12,047,12047,Hamilton,Hamilton County,0.060002851922939165,1493729
1717,17,071,17071,Henderson,Henderson County,0.04594452963437109,1137328
1718,17,107,17107,Logan,Logan County,0.062431925009151526,1781124
1719,48,475,48475,Ward,Ward County,0.03756842499556202,2405371
1720,48,307,48307,McCulloch,McCulloch County,0.023816206350578312,3089073
1721,12,053,12053,Hernando,Hernando County,0.2501242559456383,1434539
1722,48,467,48467,Van Zandt,Van Zandt County,0.06855221125602447,2473662
1723,12,041,12041,Gilchrist,Gilchrist County,0.06439432844726815,1022295
1724,48,331,48331,Milam,Milam County,0.03873231413410293,2940413
1725,48,437,48437,Swisher,Swisher County,0.03174602562213105,2591978
1726,12,011,12011,Broward,Broward County,0.2910886437775229,3525019
1727,48,043,48043,Brewster,Brewster County,0.002636501059573048,17817554
1728,48,293,48293,Limestone,Limestone County,0.05109893772270418,2685457
1729,12,093,12093,Okeechobee,Okeechobee County,0.04467199047496229,2566709
1730,12,101,12101,Pasco,Pasco County,0.280201626548128,2213399
1731,19,011,19011,Benton,Benton County,0.056260147502426694,2067627
1732,17,005,17005,Bond,Bond County,0.06545558536352866,1101495
1733,17,021,17021,Christian,Christian County,0.06333093783686669,2059420
1734,48,361,48361,Orange,Orange County,0.18618425329357272,1092203
1735,12,051,12051,Hendry,Hendry County,0.04164971552751604,3424057
1736,48,019,48019,Bandera,Bandera County,0.03237270606931607,2295514
1737,16,055,16055,Kootenai,Kootenai County,0.05757820917039022,3786033
1738,48,145,48145,Falls,Falls County,0.04395696672725836,2226928
1739,12,043,12043,Glades,Glades County,0.02575407119041893,2840017
1740,12,045,12045,Gulf,Gulf County,0.0697145405344156,1641494
1741,48,485,48485,Wichita,Wichita County,0.11173985564001222,1821973
1742,48,277,48277,Lamar,Lamar County,0.054702862624986595,2685088
1743,01,003,01003,Baldwin,Baldwin County,0.08089719992459046,4837584
1744,12,083,12083,Marion,Marion County,0.15379305227980233,4784735
1745,48,401,48401,Rusk,Rusk County,0.06768273783756662,2700467
1746,10,005,10005,Sussex,Sussex County,0.13520726892006787,2815714
1747,48,015,48015,Austin,Austin County,0.05437552246486416,1888883
1748,48,039,48039,Brazoria,Brazoria County,0.123989059725788,4197701
1749,12,005,12005,Bay,Bay County,0.13464024695918314,2539367
1750,12,029,12029,Dixie,Dixie County,0.06977578172323004,2071865
1751,48,303,48303,Lubbock,Lubbock County,0.1457247134441105,2591990
1752,12,109,12109,St. Johns,St. Johns County,0.15236498619212147,1938024
1753,48,217,48217,Hill,Hill County,0.06050645664716858,2836689
1754,12,127,12127,Volusia,Volusia County,0.18515444518275342,3643461
1755,48,503,48503,Young,Young County,0.033733002190158956,2678801
1756,48,013,48013,Atascosa,Atascosa County,0.04369549762325328,3515099
1757,48,363,48363,Palo Pinto,Palo Pinto County,0.03726335542621322,2836057
1758,48,007,48007,Aransas,Aransas County,0.06927484215609704,838645
1759,12,061,12061,Indian River,Indian River County,0.1581023497370773,1554259
1760,12,115,12115,Sarasota,Sarasota County,0.3461783240279889,1742547
1761,12,079,12079,Madison,Madison County,0.05245688960359216,2059596
1762,48,493,48493,Wilson,Wilson County,0.0473156790033773,2326417
1763,12,031,12031,Duval,Duval County,0.3742494895690453,2444503
1764,48,185,48185,Grimes,Grimes County,0.05049350397139676,2306871
1765,12,071,12071,Lee,Lee County,0.43266581849090924,2557646
1766,48,045,48045,Briscoe,Briscoe County,0.015012923501964542,2594498
1767,12,097,12097,Osceola,Osceola County,0.0887338243709734,4333680
1768,12,039,12039,Gadsden,Gadsden County,0.06421369324069155,1520984
1769,17,095,17095,Knox,Knox County,0.07466645167924327,2071439
1770,12,081,12081,Manatee,Manatee County,0.19877716839503023,2289931
1771,48,489,48489,Willacy,Willacy County,0.03483818561521848,1821995
1772,48,295,48295,Lipscomb,Lipscomb County,0.020372799988072787,2682940
1773,48,433,48433,Stonewall,Stonewall County,0.01140123018340978,2648223
1774,48,009,48009,Archer,Archer County,0.023810417855748146,2663120
1775,12,087,12087,Monroe,Monroe County,0.027993153466518778,3957039
1776,17,083,17083,Jersey,Jersey County,0.06056632755076372,1085273
1777,48,035,48035,Bosque,Bosque County,0.03328186117768985,2885055
1778,48,281,48281,Lampasas,Lampasas County,0.03132871298983664,2054537
1779,48,211,48211,Hemphill,Hemphill County,0.02375533720792025,2624968
1780,48,427,48427,Starr,Starr County,0.03087805656000353,3536492
1781,12,091,12091,Okaloosa,Okaloosa County,0.12046265190850199,2863319
1782,48,107,48107,Crosby,Crosby County,0.029778813155983068,2594865
1783,48,127,48127,Dimmit,Dimmit County,0.024105467768457314,3840415
1784,48,027,48027,Bell,Bell County,0.13045971246967758,3130522
1785,48,155,48155,Foard,Foard County,0.016808909625595187,2036539
1786,48,133,48133,Eastland,Eastland County,0.040999463055215825,2681840
1787,48,079,48079,Cochran,Cochran County,0.02321666059299641,2230941
1788,48,229,48229,Hudspeth,Hudspeth County,0.004240607317421168,13155427
1789,48,195,48195,Hansford,Hansford County,0.01943396660944391,2648713
1790,48,173,48173,Glasscock,Glasscock County,0.04340706867409432,2593103
1791,48,209,48209,Hays,Hays County,0.09548584403989029,1956667
1792,48,053,48053,Burnet,Burnet County,0.04311485556077655,2938987
1793,48,139,48139,Ellis,Ellis County,0.09824756255001957,2738928
1794,48,111,48111,Dallam,Dallam County,0.02121923145645968,4331778
1795,48,071,48071,Chambers,Chambers County,0.0780748808936183,1833445
1796,48,055,48055,Caldwell,Caldwell County,0.06087401084733707,1574580
1797,48,057,48057,Calhoun,Calhoun County,0.04197806838837632,2149956
1798,48,425,48425,Somervell,Somervell County,0.0552547790876789,552459
1799,48,261,48261,Kenedy,Kenedy County,0.010898158840783287,4442310
1800,48,011,48011,Armstrong,Armstrong County,0.015548068659735795,2629780
1801,48,299,48299,Llano,Llano County,0.031116568496097882,2779516
1802,48,375,48375,Potter,Potter County,0.06603722739677702,2653261
1803,12,021,12021,Collier,Collier County,0.09154282264188812,6058629
1804,48,245,48245,Jefferson,Jefferson County,0.15970332682066277,2836522
1805,12,057,12057,Hillsborough,Hillsborough County,0.3814181508829999,3120895
1806,48,395,48395,Robertson,Robertson County,0.04428115998713392,2490269
1807,48,099,48099,Coryell,Coryell County,0.04786166049236164,3041098
1808,48,067,48067,Cass,Cass County,0.050375266225171314,2763638
1809,48,141,48141,El Paso,El Paso County,0.19304537839410071,2920619
1810,48,469,48469,Victoria,Victoria County,0.06612340194122529,2557869
1811,48,445,48445,Terry,Terry County,0.03624202485118386,2563902
1812,48,353,48353,Nolan,Nolan County,0.03708880203184645,2630120
1813,48,213,48213,Henderson,Henderson County,0.0765016710373916,2729143
1814,48,301,48301,Loving,Loving County,0.021504492897478543,1947407
1815,48,479,48479,Webb,Webb County,0.030625450027560168,9713294
1816,12,027,12027,DeSoto,DeSoto County,0.05295625126342491,1840236
1817,12,003,12003,Baker,Baker County,0.06571711268091765,1694901
1818,12,117,12117,Seminole,Seminole County,0.4055212723562018,993684
1819,48,287,48287,Lee,Lee County,0.04760558255353381,1824828
1820,17,075,17075,Iroquois,Iroquois County,0.057874187655784066,3220002
1821,48,491,48491,Williamson,Williamson County,0.14852500534518237,3264622
1822,48,181,48181,Grayson,Grayson County,0.083547530928382,2817881
1823,48,251,48251,Johnson,Johnson County,0.11684951164847207,2113539
1824,48,335,48335,Mitchell,Mitchell County,0.02945846370276112,2635779
1825,33,011,33011,Hillsborough,Hillsborough County,0.17517618764787787,2567575
1826,12,103,12103,Pinellas,Pinellas County,0.7008517440599553,945237
1827,48,105,48105,Crockett,Crockett County,0.012914226158942037,8078920
1828,12,015,12015,Charlotte,Charlotte County,0.1985848843644244,2148517
1829,12,099,12099,Palm Beach,Palm Beach County,0.20453051642826264,6409777
1830,48,223,48223,Hopkins,Hopkins County,0.05700138200310238,2281471
1831,48,243,48243,Jeff Davis,Jeff Davis County,0.004621671958880008,6517122
1832,17,015,17015,Carroll,Carroll County,0.054771105272648425,1342058
1833,17,011,17011,Bureau,Bureau County,0.061032434283886605,2513729
1834,17,017,17017,Cass,Cass County,0.04594423779703804,1104404
1835,48,499,48499,Wood,Wood County,0.0716276021961809,2002203
1836,12,001,12001,Alachua,Alachua County,0.09685051118935097,2788008
1837,48,033,48033,Borden,Borden County,0.013475140312511267,2607394
1838,12,075,12075,Levy,Levy County,0.07199344097720073,3330984
1839,17,013,17013,Calhoun,Calhoun County,0.037681283737003024,816055
1840,17,025,17025,Clay,Clay County,0.056140839004667056,1351387
1841,17,097,17097,Lake,Lake County,0.5632220582565575,1353942
1842,17,063,17063,Grundy,Grundy County,0.09543999237926709,1238726
1843,17,001,17001,Adams,Adams County,0.07428638427253788,2507512
1844,17,003,17003,Alexander,Alexander County,0.057245166633192374,726926
1845,17,023,17023,Clark,Clark County,0.06191081609993729,1452751
1846,17,019,17019,Champaign,Champaign County,0.10943594155805735,2873142
1847,48,501,48501,Yoakum,Yoakum County,0.042949332944014575,2301456
1848,48,305,48305,Lynn,Lynn County,0.03180691909290212,2571233
1849,48,179,48179,Gray,Gray County,0.0340942105800413,2674413
1850,48,167,48167,Galveston,Galveston County,0.3453983254580121,1206300
1851,48,235,48235,Irion,Irion County,0.022432350537736026,3026299
1852,48,077,48077,Clay,Clay County,0.02538460892193748,3213719
1853,48,369,48369,Parmer,Parmer County,0.03648686261739515,2547273
1854,48,095,48095,Concho,Concho County,0.017867889868474564,2859599
1855,48,241,48241,Jasper,Jasper County,0.05773896827612304,2790611
1856,48,233,48233,Hutchinson,Hutchinson County,0.02913312725955395,2575453
1857,48,347,48347,Nacogdoches,Nacogdoches County,0.06151746286063179,2823621
1858,48,253,48253,Jones,Jones County,0.04292052855386322,2696868
1859,48,029,48029,Bexar,Bexar County,0.3940870468763746,3614742
1860,48,431,48431,Sterling,Sterling County,0.01971692454958599,2657666
1861,48,413,48413,Schleicher,Schleicher County,0.008113630597160349,3771801
1862,48,273,48273,Kleberg,Kleberg County,0.031364699947139224,2612523
1863,48,069,48069,Castro,Castro County,0.031687629204582776,2587950
1864,48,319,48319,Mason,Mason County,0.016348461008857125,2682699
1865,48,149,48149,Fayette,Fayette County,0.047181751895111916,2762106
1866,48,355,48355,Nueces,Nueces County,0.16269659055202465,2510993
1867,48,333,48333,Mills,Mills County,0.02459213557769805,2157641
1868,48,483,48483,Wheeler,Wheeler County,0.025091449192130796,2634523
1869,48,137,48137,Edwards,Edwards County,0.008102248182083882,6100529
1870,48,005,48005,Angelina,Angelina County,0.0804373815776519,2488445
1871,48,405,48405,San Augustine,San Augustine County,0.03850793203792359,1704480
1872,48,031,48031,Blanco,Blanco County,0.025363813617152686,2053043
1873,48,219,48219,Hockley,Hockley County,0.047862001757793225,2614642
1874,48,465,48465,Val Verde,Val Verde County,0.010847642462117266,9301929
1875,48,021,48021,Bastrop,Bastrop County,0.05994249506241342,2577170
1876,48,023,48023,Baylor,Baylor County,0.019856207552285097,2593043
1877,48,037,48037,Bowie,Bowie County,0.0972127051729409,2656052
1878,48,385,48385,Real,Real County,0.012830268473665635,2014611
1879,48,135,48135,Ector,Ector County,0.09573977794869977,2595076
1880,48,091,48091,Comal,Comal County,0.1363610536534414,1654358
1881,48,089,48089,Colorado,Colorado County,0.038992750912916735,2802008
1882,48,109,48109,Culberson,Culberson County,0.00464079222004079,10972911
1883,48,471,48471,Walker,Walker County,0.05879945406081291,2306484
1884,48,457,48457,Tyler,Tyler County,0.044911808695193574,2692499
1885,48,357,48357,Ochiltree,Ochiltree County,0.0264158398155584,2642354
1886,48,327,48327,Menard,Menard County,0.008697021899688082,2596521
1887,48,285,48285,Lavaca,Lavaca County,0.039782729198565944,2792644
1888,48,125,48125,Dickens,Dickens County,0.02045565433564133,2605001
1889,48,121,48121,Denton,Denton County,0.23958417656852685,2742414
1890,48,225,48225,Houston,Houston County,0.0409513481797543,3558613
1891,48,399,48399,Runnels,Runnels County,0.031032528551320056,3042066
1892,48,289,48289,Leon,Leon County,0.04907387369078401,3109781
1893,48,379,48379,Rains,Rains County,0.053038490091865544,744893
1894,48,505,48505,Zapata,Zapata County,0.0211043781484119,3044392
1895,48,049,48049,Brown,Brown County,0.04645058960148793,2753894
1896,48,291,48291,Liberty,Liberty County,0.06000783396715996,3385258
1897,48,279,48279,Lamb,Lamb County,0.03767688890634043,2928745
1898,48,017,48017,Bailey,Bailey County,0.030690314764383393,2381305
1899,48,131,48131,Duval,Duval County,0.01575894661937686,5167287
1900,48,059,48059,Callahan,Callahan County,0.03059304164165345,2593629
1901,48,115,48115,Dawson,Dawson County,0.040892350821941606,2596109
1902,48,103,48103,Crane,Crane County,0.02229743595186793,2261112
1903,48,409,48409,San Patricio,San Patricio County,0.07298602552340301,2031704
1904,48,317,48317,Martin,Martin County,0.035329614679511824,2635183
1905,48,417,48417,Shackelford,Shackelford County,0.01719501563165987,2634717
1906,48,421,48421,Sherman,Sherman County,0.01960884686610759,2656760
1907,48,275,48275,Knox,Knox County,0.02295994631779734,2461896
1908,48,365,48365,Panola,Panola County,0.055257370455897424,2363558
1909,48,449,48449,Titus,Titus County,0.072983559554774,1224906
1910,48,481,48481,Wharton,Wharton County,0.050978727295705004,3149294
1911,48,165,48165,Gaines,Gaines County,0.03526737240872861,4324904
1912,48,267,48267,Kimble,Kimble County,0.016157755372633493,3600562
1913,48,323,48323,Maverick,Maverick County,0.027916763080433296,3716620
1914,48,371,48371,Pecos,Pecos County,0.01267924424825642,13712016
1915,48,383,48383,Reagan,Reagan County,0.03450930125084361,3384276
1916,48,237,48237,Jack,Jack County,0.02746343263262008,2647921
1917,48,315,48315,Marion,Marion County,0.04446568261899762,1209562
1918,48,143,48143,Erath,Erath County,0.04225046728495167,3136202
1919,48,495,48495,Winkler,Winkler County,0.017278724764685182,2421012
1920,48,311,48311,McMullen,McMullen County,0.020210576908634856,3328950
1921,48,197,48197,Hardeman,Hardeman County,0.025866720121430074,2005434
1922,48,271,48271,Kinney,Kinney County,0.016904346250049003,3928398
1923,48,101,48101,Cottle,Cottle County,0.015887312696245232,2594649
1924,48,439,48439,Tarrant,Tarrant County,0.6050459423997572,2596621
1925,48,087,48087,Collingsworth,Collingsworth County,0.018665444000266103,2645584
1926,48,193,48193,Hamilton,Hamilton County,0.02834888144189838,2406938
1927,48,387,48387,Red River,Red River County,0.03249789886400554,3041212
1928,48,459,48459,Upshur,Upshur County,0.06705545684311759,1705290
1929,48,377,48377,Presidio,Presidio County,0.00503815779617307,11093539
1930,48,373,48373,Polk,Polk County,0.05910221971140808,3193298
1931,48,423,48423,Smith,Smith County,0.14680127313167488,2733103
1932,48,359,48359,Oldham,Oldham County,0.008514915509292207,4320771
1933,48,205,48205,Hartley,Hartley County,0.016956820559928223,4210754
1934,48,343,48343,Morris,Morris County,0.07357871661374296,744468
1935,48,403,48403,Sabine,Sabine County,0.04337047221152589,1659447
1936,48,393,48393,Roberts,Roberts County,0.01149044969168296,2659600
1937,48,391,48391,Refugio,Refugio County,0.02270473275148963,2260630
1938,48,321,48321,Matagorda,Matagorda County,0.032058803125951975,3978564
1939,48,461,48461,Upton,Upton County,0.03428602937019171,3572738
1940,48,397,48397,Rockwall,Rockwall County,0.24895101300837322,428032
1941,48,435,48435,Sutton,Sutton County,0.01915663499777207,4185495
1942,48,221,48221,Hood,Hood County,0.09755042069951388,1257073
1943,48,451,48451,Tom Green,Tom Green County,0.05512955705303522,4433375
1944,48,329,48329,Midland,Midland County,0.10403463031362052,2595876
1945,48,473,48473,Waller,Waller County,0.0719313373842845,1490185
1946,48,297,48297,Live Oak,Live Oak County,0.037954163707486444,3104745
1947,48,117,48117,Deaf Smith,Deaf Smith County,0.02294144357879377,4311978
1948,48,189,48189,Hale,Hale County,0.048516747437417795,2891517
1949,48,381,48381,Randall,Randall County,0.07790079599778492,2654530
1950,48,075,48075,Childress,Childress County,0.026460853536342047,2053902
1951,48,269,48269,King,King County,0.0092946455917014,2628395
1952,48,247,48247,Jim Hogg,Jim Hogg County,0.011297784911167683,3269756
1953,48,171,48171,Gillespie,Gillespie County,0.031228091306434013,3055294
1954,48,415,48415,Scurry,Scurry County,0.03947682287827823,2611735
1955,48,443,48443,Terrell,Terrell County,0.005256009194147367,6785186
1956,48,061,48061,Cameron,Cameron County,0.14499477046785086,2899877
1957,48,153,48153,Floyd,Floyd County,0.031537144319599364,2856251
1958,48,389,48389,Reeves,Reeves County,0.017330837896099148,7603210
1959,48,507,48507,Zavala,Zavala County,0.013737589667256796,3746072
1960,48,081,48081,Coke,Coke County,0.01796298660911042,2670547
1961,48,463,48463,Uvalde,Uvalde County,0.022309508818928816,4485352
1962,48,093,48093,Comanche,Comanche County,0.03431344329426656,2727211
1963,26,069,26069,Iosco,Iosco County,0.08198101146232353,1630036
1964,26,009,26009,Antrim,Antrim County,0.06801721673390299,1511088
1965,26,101,26101,Manistee,Manistee County,0.06524748346983561,1604491
1966,26,147,26147,St. Clair,St. Clair County,0.12410639486177046,2148600
1967,26,113,26113,Missaukee,Missaukee County,0.048724687530278074,1651360
1968,26,021,26021,Berrien,Berrien County,0.18068224543018413,1670308
1969,26,159,26159,Van Buren,Van Buren County,0.09242565918560908,1793463
1970,26,085,26085,Lake,Lake County,0.057415011430238035,1652634
1971,26,037,26037,Clinton,Clinton County,0.09437645832148936,1653442
1972,26,025,26025,Calhoun,Calhoun County,0.12429574211499642,2067247
1973,18,121,18121,Parke,Parke County,0.0507946191388151,1294960
1974,26,011,26011,Arenac,Arenac County,0.07275363104523816,1069871
1975,26,153,26153,Schoolcraft,Schoolcraft County,0.03195417739170789,3516692
1976,26,149,26149,St. Joseph,St. Joseph County,0.08997920504307717,1499402
1977,26,045,26045,Eaton,Eaton County,0.11228108893897178,1667458
1978,26,155,26155,Shiawassee,Shiawassee County,0.0874241434399613,1556721
1979,26,119,26119,Montmorency,Montmorency County,0.06065180026643165,1619177
1980,26,023,26023,Branch,Branch County,0.07504847876964225,1495500
1981,26,131,26131,Ontonagon,Ontonagon County,0.0282391635522037,3823024
1982,26,065,26065,Ingham,Ingham County,0.19285224696609687,1613598
1983,26,141,26141,Presque Isle,Presque Isle County,0.051998176907871486,1972473
1984,26,001,26001,Alcona,Alcona County,0.047975912245175646,1999024
1985,26,165,26165,Wexford,Wexford County,0.06954883472369411,1656045
1986,26,133,26133,Osceola,Osceola County,0.05827507382232921,1649230
1987,26,067,26067,Ionia,Ionia County,0.07496962682328921,1669236
1988,26,091,26091,Lenawee,Lenawee County,0.08910821502439809,2191156
1989,26,071,26071,Iron,Iron County,0.038997988862717645,3485590
1990,26,099,26099,Macomb,Macomb County,0.5282399126776604,1394374
1991,18,173,18173,Warrick,Warrick County,0.08805438854648724,1125384
1992,26,105,26105,Mason,Mason County,0.07313198904085712,1468728
1993,26,157,26157,Tuscola,Tuscola County,0.06878152767025474,2348334
1994,18,027,18027,Daviess,Daviess County,0.06168432439311508,1257240
1995,48,215,48215,Hidalgo,Hidalgo County,0.17505152868995813,4554259
1996,48,411,48411,San Saba,San Saba County,0.01958457335592082,3276150
1997,26,107,26107,Mecosta,Mecosta County,0.07553643682209661,1643763
1998,26,161,26161,Washtenaw,Washtenaw County,0.2060156914769527,2078963
1999,48,051,48051,Burleson,Burleson County,0.04760936589473252,1947705
2000,48,147,48147,Fannin,Fannin County,0.0482928132348774,2586741
2001,48,073,48073,Cherokee,Cherokee County,0.05600816562878777,3056715
2002,48,169,48169,Garza,Garza County,0.013578492480627218,2579005
2003,26,049,26049,Genesee,Genesee County,0.31150513866807605,1869356
2004,18,085,18085,Kosciusko,Kosciusko County,0.09553242246801127,1595406
2005,26,137,26137,Otsego,Otsego County,0.08323768667607945,1514254
2006,26,029,26029,Charlevoix,Charlevoix County,0.07101223391762923,1311436
2007,26,051,26051,Gladwin,Gladwin County,0.0614226155597314,1484730
2008,26,111,26111,Midland,Midland County,0.09679493253736372,1519656
2009,26,103,26103,Marquette,Marquette County,0.0388478360510698,5382359
2010,26,087,26087,Lapeer,Lapeer County,0.08256781176426183,1907523
2011,48,407,48407,San Jacinto,San Jacinto County,0.055907406505540824,1806952
2012,48,441,48441,Taylor,Taylor County,0.09193864683754067,2645536
2013,48,249,48249,Jim Wells,Jim Wells County,0.04236972404335175,2498907
2014,48,447,48447,Throckmorton,Throckmorton County,0.014524357193286114,2634540
2015,48,337,48337,Montague,Montague County,0.04668017213922241,2700140
2016,48,161,48161,Freestone,Freestone County,0.07036942242417372,2566953
2017,48,151,48151,Fisher,Fisher County,0.02618812646168774,2595031
2018,48,187,48187,Guadalupe,Guadalupe County,0.10025022448252342,2056953
2019,48,199,48199,Hardin,Hardin County,0.06892563980062828,2582914
2020,48,309,48309,McLennan,McLennan County,0.1180495581405029,3051083
2021,48,283,48283,La Salle,La Salle County,0.022814280657837884,4300026
2022,48,025,48025,Bee,Bee County,0.0382579362432201,2533409
2023,48,345,48345,Motley,Motley County,0.01325030376030863,2848463
2024,48,255,48255,Karnes,Karnes County,0.05622440697974693,2168560
2025,51,147,51147,Prince Edward,Prince Edward County,0.05649824599997643,1018244
2026,01,077,01077,Lauderdale,Lauderdale County,0.0876521246995172,2070834
2027,51,069,51069,Frederick,Frederick County,0.11376798807081573,1195723
2028,51,111,51111,Lunenburg,Lunenburg County,0.04447655657901822,1244251
2029,01,027,01027,Clay,Clay County,0.04219260968467216,1743931
2030,51,173,51173,Smyth,Smyth County,0.057831797385495376,1301585
2031,51,660,51660,Harrisonburg,Harrisonburg city,0.7673154550177851,50042
2032,51,157,51157,Rappahannock,Rappahannock County,0.046636396861339406,768863
2033,01,101,01101,Montgomery,Montgomery County,0.14592692120395434,2301981
2034,51,143,51143,Pittsylvania,Pittsylvania County,0.05335377659109624,2814946
2035,01,051,01051,Elmore,Elmore County,0.08223451088738595,1890812
2036,51,510,51510,Alexandria,Alexandria city,0.9047169599316839,44499
2037,51,185,51185,Tazewell,Tazewell County,0.07418347850087915,1496317
2038,51,133,51133,Northumberland,Northumberland County,0.07293801439150391,610916
2039,01,121,01121,Talladega,Talladega County,0.09570206361459571,2187957
2040,51,139,51139,Page,Page County,0.07245839644446019,903829
2041,51,097,51097,King and Queen,King and Queen County,0.039846891827414625,938944
2042,51,690,51690,Martinsville,Martinsville city,0.6275209089474515,31685
2043,01,103,01103,Morgan,Morgan County,0.12329313821258941,1723924
2044,51,053,51053,Dinwiddie,Dinwiddie County,0.051272037644531046,1459548
2045,51,093,51093,Isle of Wight,Isle of Wight County,0.07301510735362363,928753
2046,51,021,51021,Bland,Bland County,0.03204404797307835,1032329
2047,51,035,51035,Carroll,Carroll County,0.07916502674676024,1374559
2048,51,065,51065,Fluvanna,Fluvanna County,0.058027859983879486,834961
2049,51,057,51057,Essex,Essex County,0.051241046923287945,769149
2050,51,169,51169,Scott,Scott County,0.055668811504969426,1550078
2051,51,121,51121,Montgomery,Montgomery County,0.13330762412059763,1120221
2052,51,760,51760,Richmond,Richmond city,0.7716553388878383,179794
2053,01,017,01017,Chambers,Chambers County,0.059026849504494126,1735600
2054,51,095,51095,James City,James City County,0.1931028196537626,449807
2055,51,630,51630,Fredericksburg,Fredericksburg city,0.6772827992194993,30237
2056,51,155,51155,Pulaski,Pulaski County,0.09296933811575225,948474
2057,51,125,51125,Nelson,Nelson County,0.051546610790375993,1364920
2058,51,520,51520,Bristol,Bristol city,0.7207028669573259,37845
2059,01,071,01071,Jackson,Jackson County,0.04710827195757471,3242594
2060,51,740,51740,Portsmouth,Portsmouth city,0.6952588565477557,113306
2061,51,181,51181,Surry,Surry County,0.0414556453541785,815281
2062,51,177,51177,Spotsylvania,Spotsylvania County,0.12346221662257222,1192138
2063,51,650,51650,Hampton,Hampton city,0.6827611887367898,169188
2064,29,127,29127,Marion,Marion County,0.06356780244936139,1278619
2065,51,800,51800,Suffolk,Suffolk city,0.09905214259181194,1197965
2066,51,119,51119,Middlesex,Middlesex County,0.07964925555162852,401774
2067,29,049,29049,Clinton,Clinton County,0.057099203568433544,1218686
2068,51,187,51187,Warren,Warren County,0.11397888103496405,623326
2069,29,229,29229,Wright,Wright County,0.042723355766834024,1965810
2070,29,203,29203,Shannon,Shannon County,0.03469302429252368,2889284
2071,51,031,51031,Campbell,Campbell County,0.0694714996095837,1459980
2072,01,021,01021,Chilton,Chilton County,0.057804015642889124,2016763
2073,01,043,01043,Cullman,Cullman County,0.09528549935636253,2172807
2074,51,085,51085,Hanover,Hanover County,0.11788614308679786,1363536
2075,51,089,51089,Henry,Henry County,0.10687403153686624,1106134
2076,13,239,13239,Quitman,Quitman County,0.03099677955537087,462048
2077,13,307,13307,Webster,Webster County,0.03207931329677703,605094
2078,01,119,01119,Sumter,Sumter County,0.030598505287195564,2628331
2079,42,093,42093,Montour,Montour County,0.10066382719485743,380822
2080,21,197,21197,Powell,Powell County,0.06508507013776751,518337
2081,01,081,01081,Lee,Lee County,0.13589823741368473,1772282
2082,47,165,47165,Sumner,Sumner County,0.14327202756808383,1563257
2083,01,047,01047,Dallas,Dallas County,0.047871399330199016,2859954
2084,42,061,42061,Huntingdon,Huntingdon County,0.055647927187100814,2559107
2085,13,289,13289,Twiggs,Twiggs County,0.036668861029740804,1043583
2086,42,029,42029,Chester,Chester County,0.272951954129045,2184912
2087,13,137,13137,Habersham,Habersham County,0.12538529844361224,802949
2088,42,125,42125,Washington,Washington County,0.14702973773924724,2477458
2089,42,005,42005,Armstrong,Armstrong County,0.08794771734493309,1910385
2090,24,001,24001,Allegany,Allegany County,0.0937472721806067,1237252
2091,42,023,42023,Cameron,Cameron County,0.029588869526386206,1146546
2092,01,023,01023,Choctaw,Choctaw County,0.030369948011732737,2650021
2093,01,053,01053,Escambia,Escambia County,0.04726867051053722,2742895
2094,13,229,13229,Pierce,Pierce County,0.0673742206815278,987722
2095,01,107,01107,Pickens,Pickens County,0.040530311163510656,2561515
2096,01,005,01005,Barbour,Barbour County,0.03846761134769756,2602995
2097,01,031,01031,Coffee,Coffee County,0.061373098415412136,1958301
2098,01,095,01095,Marshall,Marshall County,0.10946411325308192,1793364
2099,01,025,01025,Clarke,Clarke County,0.029704533191293986,3604635
2100,01,029,01029,Cleburne,Cleburne County,0.041874604744735554,1614463
2101,01,091,01091,Marengo,Marengo County,0.0337552981347878,2827882
2102,01,033,01033,Colbert,Colbert County,0.07688796622685411,1794325
2103,01,049,01049,DeKalb,DeKalb County,0.08806537495905586,2240858
2104,01,045,01045,Dale,Dale County,0.07746518448164386,1619321
2105,01,019,01019,Cherokee,Cherokee County,0.055299688635184224,1726592
2106,01,007,01007,Bibb,Bibb County,0.04840340518102511,1801960
2107,01,063,01063,Greene,Greene County,0.03156161048353891,1899206
2108,01,057,01057,Fayette,Fayette County,0.04765790816270189,1811116
2109,13,273,13273,Terrell,Terrell County,0.04366379505501064,971812
2110,01,111,01111,Randolph,Randolph County,0.058526823505196585,1681007
2111,01,059,01059,Franklin,Franklin County,0.05708534664853563,1860530
2112,01,115,01115,St. Clair,St. Clair County,0.08742752517546537,1880998
2113,13,011,13011,Banks,Banks County,0.08967477295316142,673099
2114,01,099,01099,Monroe,Monroe County,0.034114882169721826,2976824
2115,01,067,01067,Henry,Henry County,0.04511102115987365,1635454
2116,01,131,01131,Wilcox,Wilcox County,0.029338542470462133,2611309
2117,01,075,01075,Lamar,Lamar County,0.05055524914039547,1742371
2118,01,123,01123,Tallapoosa,Tallapoosa County,0.05602010973647012,2205101
2119,01,069,01069,Houston,Houston County,0.11119448505273169,1673851
2120,01,083,01083,Limestone,Limestone County,0.08990195427585118,1747348
2121,01,061,01061,Geneva,Geneva County,0.05684297462128192,1666081
2122,01,013,01013,Butler,Butler County,0.03994183747998151,2238555
2123,01,037,01037,Coosa,Coosa County,0.03092959306542983,1917581
2124,51,029,51029,Buckingham,Buckingham County,0.03833305544969512,1679360
2125,01,009,01009,Blount,Blount County,0.07086472028405279,1872328
2126,51,103,51103,Lancaster,Lancaster County,0.09304829954741912,412302
2127,51,113,51113,Madison,Madison County,0.040010277592150166,926287
2128,51,091,51091,Highland,Highland County,0.0295591282839762,1196720
2129,01,133,01133,Winston,Winston County,0.05242836017151653,1818367
2130,51,099,51099,King George,King George County,0.0825348180056963,535786
2131,42,071,42071,Lancaster,Lancaster County,0.19830447888563693,2831106
2132,01,097,01097,Mobile,Mobile County,0.15535561690659305,3651120
2133,01,065,01065,Hale,Hale County,0.0372668374584489,1889240
2134,01,127,01127,Walker,Walker County,0.0702195791399817,2317160
2135,01,113,01113,Russell,Russell County,0.06715827295639222,1862466
2136,51,105,51105,Lee,Lee County,0.06714252235290379,1258785
2137,51,540,51540,Charlottesville,Charlottesville city,0.8679897046870767,29528
2138,51,135,51135,Nottoway,Nottoway County,0.06656940052686436,909532
2139,13,061,13061,Clay,Clay County,0.03459693427878133,625171
2140,47,143,47143,Rhea,Rhea County,0.0816467346057625,968122
2141,47,087,47087,Jackson,Jackson County,0.054977765065541126,919499
2142,13,009,13009,Baldwin,Baldwin County,0.0994198404464081,772029
2143,47,119,47119,Maury,Maury County,0.09418617647623316,1771502
2144,47,189,47189,Wilson,Wilson County,0.12737836402994207,1678307
2145,13,245,13245,Richmond,Richmond County,0.2961885857443949,945607
2146,13,085,13085,Dawson,Dawson County,0.09916906665456543,617017
2147,47,097,47097,Lauderdale,Lauderdale County,0.045388015192549404,1460716
2148,13,051,13051,Chatham,Chatham County,0.21995720857858062,1418976
2149,13,185,13185,Lowndes,Lowndes County,0.11894561251511747,1469327
2150,13,271,13271,Telfair,Telfair County,0.04445421846287734,1277764
2151,47,151,47151,Scott,Scott County,0.04853237685741879,1534522
2152,13,217,13217,Newton,Newton County,0.16505807723469476,803499
2153,13,063,13063,Clayton,Clayton County,0.6268978335925575,415342
2154,42,019,42019,Butler,Butler County,0.13799836824924336,2287114
2155,47,187,47187,Williamson,Williamson County,0.16508171787613884,1679865
2156,13,181,13181,Lincoln,Lincoln County,0.048906422623019016,740414
2157,13,197,13197,Marion,Marion County,0.03752580283091215,1057539
2158,47,145,47145,Roane,Roane County,0.12439143263838914,1136686
2159,47,149,47149,Rutherford,Rutherford County,0.21201651498236304,1795945
2160,21,227,21227,Warren,Warren County,0.10692135615808095,1575775
2161,47,177,47177,Warren,Warren County,0.08619514979652715,1249061
2162,13,039,13039,Camden,Camden County,0.05988938336777116,1973121
2163,13,177,13177,Lee,Lee County,0.060906538707933104,1041169
2164,13,207,13207,Monroe,Monroe County,0.06318875215753687,1144824
2165,13,127,13127,Glynn,Glynn County,0.11696909206686679,1339559
2166,13,231,13231,Pike,Pike County,0.0602652551822006,631392
2167,13,023,13023,Bleckley,Bleckley County,0.06461511137610984,630611
2168,24,015,24015,Cecil,Cecil County,0.14321496354471192,1084342
2169,13,049,13049,Charlton,Charlton County,0.027320933583300355,2251497
2170,13,195,13195,Madison,Madison County,0.09546198446160117,821835
2171,21,105,21105,Hickman,Hickman County,0.039538192374983176,728182
2172,28,045,28045,Hancock,Hancock County,0.1022885631993767,1396422
2173,42,037,42037,Columbia,Columbia County,0.08995578885277887,1410504
2174,21,103,21103,Henry,Henry County,0.048346648237073325,837783
2175,47,011,47011,Bradley,Bradley County,0.17463767204287547,953832
2176,42,069,42069,Lackawanna,Lackawanna County,0.17320598767752887,1337881
2177,47,167,47167,Tipton,Tipton County,0.075065378623356,1362066
2178,47,075,47075,Haywood,Haywood County,0.04724615917153141,1536908
2179,47,035,47035,Cumberland,Cumberland County,0.0893730470196975,1970706
2180,42,055,42055,Franklin,Franklin County,0.11346322201324006,2224007
2181,13,045,13045,Carroll,Carroll County,0.12000631753765004,1449932
2182,13,021,13021,Bibb,Bibb County,0.29597943587454684,734872
2183,13,247,13247,Rockdale,Rockdale County,0.29376530657877087,380147
2184,42,049,42049,Erie,Erie County,0.14329502376126207,2330053
2185,13,211,13211,Morgan,Morgan County,0.057513885568024586,1020484
2186,24,019,24019,Dorchester,Dorchester County,0.04753798347353117,1722328
2187,13,101,13101,Echols,Echols County,0.030875689462355645,1210726
2188,13,131,13131,Grady,Grady County,0.050360657321940075,1324526
2189,42,007,42007,Beaver,Beaver County,0.213303721511142,1277868
2190,47,105,47105,Loudon,Loudon County,0.17125140829439744,711854
2191,21,191,21191,Pendleton,Pendleton County,0.04887179120556746,811286
2192,13,001,13001,Appling,Appling County,0.0635818113242361,1474148
2193,13,141,13141,Hancock,Hancock County,0.041501914482798746,1375045
2194,13,163,13163,Jefferson,Jefferson County,0.051822115737873556,1524272
2195,13,147,13147,Hart,Hart County,0.10850153153335902,739455
2196,13,017,13017,Ben Hill,Ben Hill County,0.06888538536072654,730692
2197,28,127,28127,Simpson,Simpson County,0.05660972522276253,1699231
2198,47,169,47169,Trousdale,Trousdale County,0.05749126324664607,335651
2199,13,205,13205,Mitchell,Mitchell County,0.05138023688255897,1478623
2200,24,041,24041,Talbot,Talbot County,0.09582055206056346,884758
2201,42,015,42015,Bradford,Bradford County,0.059411176847176964,3341139
2202,13,189,13189,McDuffie,McDuffie County,0.07210147479696431,766614
2203,47,031,47031,Coffee,Coffee County,0.11192947858263019,1250457
2204,47,123,47123,Monroe,Monroe County,0.0657921922459221,1877928
2205,47,047,47047,Fayette,Fayette County,0.04977826630971471,2032393
2206,47,043,47043,Dickson,Dickson County,0.0743250459187318,1413911
2207,42,101,42101,Philadelphia,Philadelphia County,0.8426821013056458,410678
2208,47,045,47045,Dyer,Dyer County,0.061287241955315264,1515193
2209,13,275,13275,Thomas,Thomas County,0.06991353309887029,1589163
2210,47,039,47039,Decatur,Decatur County,0.05517945969146817,992507
2211,47,073,47073,Hawkins,Hawkins County,0.08524641928871943,1437773
2212,47,171,47171,Unicoi,Unicoi County,0.07604626504946455,536647
2213,47,103,47103,Lincoln,Lincoln County,0.05856562085780722,1642397
2214,47,099,47099,Lawrence,Lawrence County,0.06737886547505786,1778436
2215,13,117,13117,Forsyth,Forsyth County,0.34496085342210964,711301
2216,13,259,13259,Stewart,Stewart County,0.027188015776289695,1334154
2217,24,025,24025,Harford,Harford County,0.21125958223827537,1299018
2218,47,101,47101,Lewis,Lewis County,0.04747085349622738,812962
2219,24,013,24013,Carroll,Carroll County,0.14707394994880046,1302746
2220,21,089,21089,Greenup,Greenup County,0.09265628002368563,1020028
2221,47,153,47153,Sequatchie,Sequatchie County,0.06000446712548312,765593
2222,42,085,42085,Mercer,Mercer County,0.11550017359184434,1964378
2223,47,121,47121,Meigs,Meigs County,0.056905759355365196,623733
2224,47,163,47163,Sullivan,Sullivan County,0.2051408119267613,1236614
2225,24,021,24021,Frederick,Frederick County,0.14760141645375255,1920571
2226,47,117,47117,Marshall,Marshall County,0.07038294373853964,1082535
2227,47,159,47159,Smith,Smith County,0.062332727431953575,936346
2228,24,017,24017,Charles,Charles County,0.1312701300731729,1394369
2229,47,093,47093,Knox,Knox County,0.4063549857926386,1513300
2230,24,033,24033,Prince George's,Prince George's County,0.41996503106801525,1435560
2231,47,025,47025,Claiborne,Claiborne County,0.0728608515751709,1270751
2232,28,111,28111,Perry,Perry County,0.037908967598981144,1871114
2233,13,321,13321,Worth,Worth County,0.050578444442429135,1654005
2234,47,003,47003,Bedford,Bedford County,0.07939330995631264,1366299
2235,47,017,47017,Carroll,Carroll County,0.052635419157914365,1726879
2236,47,069,47069,Hardeman,Hardeman County,0.04525323607652546,1929188
2237,13,033,13033,Burke,Burke County,0.045043125422670756,2402875
2238,47,131,47131,Obion,Obion County,0.05897542398750932,1598632
2239,47,057,47057,Grainger,Grainger County,0.07101201513783287,870402
2240,47,111,47111,Macon,Macon County,0.06627299111232761,884146
2241,13,237,13237,Putnam,Putnam County,0.056262217251023386,1037979
2242,47,049,47049,Fentress,Fentress County,0.04778467678185256,1435795
2243,13,281,13281,Towns,Towns County,0.08552937325471907,494906
2244,47,185,47185,White,White County,0.07175696120918612,1091908
2245,42,027,42027,Centre,Centre County,0.07333811024679159,3202905
2246,42,053,42053,Forest,Forest County,0.03784251951978858,1238871
2247,21,203,21203,Rockcastle,Rockcastle County,0.06485160250072917,915413
2248,13,003,13003,Atkinson,Atkinson County,0.05078210493085666,991491
2249,24,027,24027,Howard,Howard County,0.33977126244480405,729220
2250,13,139,13139,Hall,Hall County,0.22565785373221556,1235419
2251,13,301,13301,Warren,Warren County,0.045939325327899946,825023
2252,13,313,13313,Whitfield,Whitfield County,0.21007345927147217,837607
2253,47,065,47065,Hamilton,Hamilton County,0.29288334821751827,1657240
2254,47,055,47055,Giles,Giles County,0.05440966595593461,1758750
2255,13,279,13279,Toombs,Toombs County,0.07714607389867593,1067624
2256,13,053,13053,Chattahoochee,Chattahoochee County,0.07926579560484563,722796
2257,13,311,13311,White,White County,0.10645559759147116,697023
2258,21,163,21163,Meade,Meade County,0.059130613569264676,933831
2259,24,037,24037,St. Mary's,St. Mary's County,0.13248744387333608,1157204
2260,47,005,47005,Benton,Benton County,0.051691450820951876,1255372
2261,13,227,13227,Pickens,Pickens County,0.11693435191102776,669692
2262,47,067,47067,Hancock,Hancock County,0.049205206469058016,643123
2263,47,083,47083,Houston,Houston County,0.05435277170089774,595609
2264,47,147,47147,Robertson,Robertson County,0.08385661670860227,1371150
2265,21,099,21099,Hart,Hart County,0.051427369163370734,1202492
2266,13,257,13257,Stephens,Stephens County,0.13275932326174558,530072
2267,47,183,47183,Weakley,Weakley County,0.057182550774913216,1674252
2268,47,141,47141,Putnam,Putnam County,0.14732468088485615,1158516
2269,47,021,47021,Cheatham,Cheatham County,0.07457599114580563,883649
2270,47,181,47181,Wayne,Wayne County,0.043419155140073905,2117061
2271,47,115,47115,Marion,Marion County,0.056460639477065304,1474142
2272,47,109,47109,McNairy,McNairy County,0.05278905709561231,1621946
2273,42,111,42111,Somerset,Somerset County,0.06831585102754424,3110669
2274,21,209,21209,Scott,Scott County,0.08911427479224647,821406
2275,42,089,42089,Monroe,Monroe County,0.1614703187965471,1776023
2276,42,077,42077,Lehigh,Lehigh County,0.33938831512248663,1002150
2277,24,039,24039,Somerset,Somerset County,0.0504473893981666,1003600
2278,47,013,47013,Campbell,Campbell County,0.07964446813230663,1433458
2279,47,127,47127,Moore,Moore County,0.0681344092753376,375361
2280,47,085,47085,Humphreys,Humphreys County,0.04556006439293925,1602039
2281,47,175,47175,Van Buren,Van Buren County,0.04058446489869073,790056
2282,47,089,47089,Jefferson,Jefferson County,0.10885588662236309,904517
2283,21,093,21093,Hardin,Hardin County,0.0920289143763435,1813354
2284,47,033,47033,Crockett,Crockett County,0.0564104240490605,764770
2285,24,035,24035,Queen Anne's,Queen Anne's County,0.09176494384789242,1137090
2286,47,063,47063,Hamblen,Hamblen County,0.20113328444965342,505963
2287,21,167,21167,Mercer,Mercer County,0.059868458961336156,728898
2288,24,003,24003,Anne Arundel,Anne Arundel County,0.35872516848163943,1293316
2289,28,023,28023,Clarke,Clarke County,0.041791091140843825,1995856
2290,47,155,47155,Sevier,Sevier County,0.11707288147023326,1720108
2291,47,023,47023,Chester,Chester County,0.05762086979345778,822931
2292,24,023,24023,Garrett,Garrett County,0.05370810107303859,1887071
2293,47,173,47173,Union,Union County,0.07172867037685919,711194
2294,47,161,47161,Stewart,Stewart County,0.04387088316204731,1418777
2295,47,001,47001,Anderson,Anderson County,0.14776808930061558,992244
2296,47,029,47029,Cocke,Cocke County,0.07918968981293416,1275166
2297,21,151,21151,Madison,Madison County,0.10617958722267037,1275603
2298,47,061,47061,Grundy,Grundy County,0.04955514969794828,1039226
2299,47,095,47095,Lake,Lake County,0.043514726834469844,557995
2300,47,081,47081,Hickman,Hickman County,0.04870944778942771,1763005
2301,28,069,28069,Kemper,Kemper County,0.037170450112830614,2207291
2302,47,053,47053,Gibson,Gibson County,0.06929832994363683,1737127
2303,42,025,42025,Carbon,Carbon County,0.0970016576726563,1114816
2304,47,059,47059,Greene,Greene County,0.08757412724580987,1796067
2305,47,019,47019,Carter,Carter County,0.09516036652349447,1000427
2306,24,047,24047,Worcester,Worcester County,0.0692769704996732,1681439
2307,47,015,47015,Cannon,Cannon County,0.05738091906249714,764627
2308,47,139,47139,Polk,Polk County,0.05062575169940037,1272949
2309,47,041,47041,DeKalb,DeKalb County,0.06887919205747116,946701
2310,47,071,47071,Hardin,Hardin County,0.05635790738561897,1715997
2311,47,157,47157,Shelby,Shelby County,0.4221396216041784,2259063
2312,47,077,47077,Henderson,Henderson County,0.057856230986168634,1513372
2313,47,135,47135,Perry,Perry County,0.033833233353329335,1216910
2314,47,133,47133,Overton,Overton County,0.06271006842057315,1251378
2315,47,137,47137,Pickett,Pickett County,0.05707059643532809,502150
2316,47,079,47079,Henry,Henry County,0.053953856063711426,1707700
2317,47,179,47179,Washington,Washington County,0.18440215495850135,949067
2318,47,007,47007,Bledsoe,Bledsoe County,0.04639200358813353,1170525
2319,42,045,42045,Delaware,Delaware County,0.6276245672437964,548519
2320,47,125,47125,Montgomery,Montgomery County,0.15029012538553993,1565013
2321,47,091,47091,Johnson,Johnson County,0.04984038541670254,871161
2322,47,113,47113,Madison,Madison County,0.1042816175967454,1607570
2323,24,029,24029,Kent,Kent County,0.05371385641429819,867858
2324,47,129,47129,Morgan,Morgan County,0.04425935248999592,1503637
2325,24,009,24009,Calvert,Calvert County,0.14664604146776167,683953
2326,24,011,24011,Caroline,Caroline County,0.06803317318252287,937866
2327,47,107,47107,McMinn,McMinn County,0.10078860066799494,1243722
2328,47,051,47051,Franklin,Franklin County,0.06590693326139163,1656897
2329,47,027,47027,Clay,Clay County,0.048855391417947945,746325
2330,47,009,47009,Blount,Blount County,0.12806506589933847,1630593
2331,50,017,50017,Orange,Orange County,0.06002730704361096,1992160
2332,21,021,21021,Boyle,Boyle County,0.08334821479457884,526382
2333,28,027,28027,Coahoma,Coahoma County,0.04421650140001442,1678197
2334,25,027,25027,Worcester,Worcester County,0.18101570124181848,4544545
2335,42,115,42115,Susquehanna,Susquehanna County,0.060694538343425704,2394713
2336,42,099,42099,Perry,Perry County,0.06551273775389188,1598712
2337,42,091,42091,Montgomery,Montgomery County,0.536056973920238,1402045
2338,21,113,21113,Jessamine,Jessamine County,0.11208954896935445,502161
2339,42,123,42123,Warren,Warren County,0.047356206800938494,2585849
2340,28,097,28097,Montgomery,Montgomery County,0.04541036132856594,1173807
2341,28,157,28157,Wilkinson,Wilkinson County,0.029441336604649093,1979224
2342,13,119,13119,Franklin,Franklin County,0.10108296186941337,766786
2343,13,191,13191,McIntosh,McIntosh County,0.033914732186447846,1382585
2344,42,067,42067,Juniata,Juniata County,0.05868270347361124,1132395
2345,28,077,28077,Lawrence,Lawrence County,0.04603078660215047,1254052
2346,28,135,28135,Tallahatchie,Tallahatchie County,0.035440824325663624,1876734
2347,21,081,21081,Grant,Grant County,0.06088428122168328,750440
2348,42,105,42105,Potter,Potter County,0.03160048078328735,3112421
2349,21,221,21221,Trigg,Trigg County,0.0476713032918908,1385131
2350,13,047,13047,Catoosa,Catoosa County,0.2170957647728172,467531
2351,13,267,13267,Tattnall,Tattnall County,0.0628300788560255,1405346
2352,21,211,21211,Shelby,Shelby County,0.06580831174681834,1109875
2353,13,243,13243,Randolph,Randolph County,0.03257578812390623,1239970
2354,42,051,42051,Fayette,Fayette County,0.10245088330609162,2297335
2355,42,127,42127,Wayne,Wayne County,0.06936726862647336,2160111
2356,50,027,50027,Windsor,Windsor County,0.06530623716170401,2810926
2357,42,033,42033,Clearfield,Clearfield County,0.06813484171943489,3320812
2358,28,107,28107,Panola,Panola County,0.054545839834336536,2029174
2359,13,319,13319,Wilkinson,Wilkinson County,0.0414683972139634,1300629
2360,21,177,21177,Muhlenberg,Muhlenberg County,0.060721200159174614,1379617
2361,42,107,42107,Schuylkill,Schuylkill County,0.09690303570770666,2252819
2362,42,057,42057,Fulton,Fulton County,0.05167056553873051,1260621
2363,42,035,42035,Clinton,Clinton County,0.05086512791247721,2581179
2364,28,017,28017,Chickasaw,Chickasaw County,0.042878230511492775,1451086
2365,21,117,21117,Kenton,Kenton County,0.27754965683185817,472946
2366,13,057,13057,Cherokee,Cherokee County,0.22725741981053216,1250133
2367,13,157,13157,Jackson,Jackson County,0.15907005479202324,987370
2368,13,151,13151,Henry,Henry County,0.2834891264094804,939708
2369,13,071,13071,Colquitt,Colquitt County,0.06649274537198306,1601874
2370,21,135,21135,Lewis,Lewis County,0.03975774138879224,1425584
2371,21,129,21129,Lee,Lee County,0.05733553740758103,607965
2372,21,055,21055,Crittenden,Crittenden County,0.03957220152555116,1068073
2373,50,019,50019,Orleans,Orleans County,0.05217829640792294,2075039
2374,25,011,25011,Franklin,Franklin County,0.06937836330423765,2085189
2375,42,043,42043,Dauphin,Dauphin County,0.20334427964453022,1606325
2376,42,059,42059,Greene,Greene County,0.07866242612621821,1663310
2377,13,019,13019,Berrien,Berrien County,0.048342860091736155,1317692
2378,13,285,13285,Troup,Troup County,0.09569952881902427,1283371
2379,13,269,13269,Taylor,Taylor County,0.05358973232589469,1092672
2380,24,045,24045,Wicomico,Wicomico County,0.12482709208413782,1106803
2381,21,173,21173,Montgomery,Montgomery County,0.08332998408085736,572267
2382,28,031,28031,Covington,Covington County,0.06451253603198451,1194078
2383,28,041,28041,Greene,Greene County,0.04302942217425865,2068236
2384,42,131,42131,Wyoming,Wyoming County,0.05230299619427391,1165612
2385,42,065,42065,Jefferson,Jefferson County,0.07339675727380753,1890138
2386,21,215,21215,Spencer,Spencer County,0.059071814108991226,551549
2387,42,021,42021,Cambria,Cambria County,0.10311136093109377,1996104
2388,28,003,28003,Alcorn,Alcorn County,0.07191508335389583,1155015
2389,21,149,21149,McLean,McLean County,0.04480111748511602,737370
2390,13,179,13179,Liberty,Liberty County,0.07534097983966727,1558010
2391,21,145,21145,McCracken,McCracken County,0.15736865429120095,771742
2392,24,043,24043,Washington,Washington County,0.1410711125585739,1344882
2393,13,209,13209,Montgomery,Montgomery County,0.052481794117312915,704168
2394,42,095,42095,Northampton,Northampton County,0.2847326381695555,1086075
2395,13,115,13115,Floyd,Floyd County,0.12052068797728725,1492026
2396,21,233,21233,Webster,Webster County,0.05192476520183532,965936
2397,21,141,21141,Logan,Logan County,0.053034079077633474,1603007
2398,28,131,28131,Stone,Stone County,0.04289692686025113,1289463
2399,21,067,21067,Fayette,Fayette County,0.296534091393093,821747
2400,39,141,39141,Ross,Ross County,0.06455939609850754,1994365
2401,13,091,13091,Dodge,Dodge County,0.05461748696154874,1447833
2402,21,187,21187,Owen,Owen County,0.0436571776107983,1019420
2403,50,001,50001,Addison,Addison County,0.04226079804107648,2324542
2404,42,073,42073,Lawrence,Lawrence County,0.15696972600114964,1043800
2405,13,187,13187,Lumpkin,Lumpkin County,0.08011009528793635,817837
2406,42,103,42103,Pike,Pike County,0.09133302681992338,1631250
2407,28,121,28121,Rankin,Rankin County,0.11279269321513449,2319707
2408,39,121,39121,Noble,Noble County,0.06052318749957054,1164248
2409,28,073,28073,Lamar,Lamar County,0.08471074954032119,1440136
2410,42,047,42047,Elk,Elk County,0.04201552614285488,2395186
2411,25,025,25025,Suffolk,Suffolk County,0.777423512300661,193201
2412,42,011,42011,Berks,Berks County,0.18058140510313886,2491447
2413,42,081,42081,Lycoming,Lycoming County,0.06660891098790148,3579446
2414,28,085,28085,Lincoln,Lincoln County,0.06411926549676922,1692627
2415,13,165,13165,Jenkins,Jenkins County,0.047600175091982444,1014324
2416,42,097,42097,Northumberland,Northumberland County,0.10799391940224434,1374207
2417,28,067,28067,Jones,Jones County,0.08300899731376772,2013601
2418,25,005,25005,Bristol,Bristol County,0.30251985063888265,1698434
2419,42,087,42087,Mifflin,Mifflin County,0.07782740825832205,1193487
2420,42,009,42009,Bedford,Bedford County,0.05964529797703663,2926400
2421,25,017,25017,Middlesex,Middlesex County,0.45168895538332093,2437631
2422,28,001,28001,Adams,Adams County,0.05858476573719888,1403061
2423,28,007,28007,Attala,Attala County,0.04171694177647002,2120002
2424,42,017,42017,Bucks,Bucks County,0.34437352901075763,1789612
2425,50,009,50009,Essex,Essex County,0.024037721730188963,1943071
2426,42,041,42041,Cumberland,Cumberland County,0.198424250154866,1583627
2427,28,145,28145,Union,Union County,0.06135961852465862,1199763
2428,13,079,13079,Crawford,Crawford County,0.042570358070421935,939480
2429,42,133,42133,York,York County,0.19506420614646747,2620855
2430,42,129,42129,Westmoreland,Westmoreland County,0.17432312688113474,2981578
2431,28,035,28035,Forrest,Forrest County,0.12466940136429439,1353227
2432,28,159,28159,Winston,Winston County,0.044754500711125744,1755667
2433,13,149,13149,Heard,Heard County,0.04707579560864422,866475
2434,13,129,13129,Gordon,Gordon County,0.12482336270817966,1030360
2435,21,217,21217,Taylor,Taylor County,0.06906278126541664,796623
2436,13,081,13081,Crisp,Crisp County,0.08480640979973086,808512
2437,42,117,42117,Tioga,Tioga County,0.05063655187695317,3271925
2438,42,079,42079,Luzerne,Luzerne County,0.1350941185357132,2608041
2439,42,075,42075,Lebanon,Lebanon County,0.1733333716780311,1043169
2440,50,007,50007,Chittenden,Chittenden County,0.10822868621575824,1782180
2441,28,009,28009,Benton,Benton County,0.04106573289331702,1176017
2442,28,115,28115,Pontotoc,Pontotoc County,0.05742868576794794,1441823
2443,42,113,42113,Sullivan,Sullivan County,0.03962745492551709,1302178
2444,21,121,21121,Knox,Knox County,0.07019463608125281,1115826
2445,28,013,28013,Calhoun,Calhoun County,0.03591831234641012,1692006
2446,28,153,28153,Wayne,Wayne County,0.049862138340064456,2341115
2447,42,083,42083,McKean,McKean County,0.03651068424124287,2832349
2448,42,031,42031,Clarion,Clarion County,0.07094354545076402,1754987
2449,42,121,42121,Venango,Venango County,0.06788459796460708,1965026
2450,21,091,21091,Hancock,Hancock County,0.05724584629954169,572321
2451,13,183,13183,Long,Long County,0.04851217623268221,1162100
2452,13,309,13309,Wheeler,Wheeler County,0.03677639755865546,864114
2453,13,005,13005,Bacon,Bacon County,0.06503050926584458,822537
2454,13,171,13171,Lamar,Lamar County,0.07760229478400384,534778
2455,28,163,28163,Yazoo,Yazoo County,0.03901608601325072,2688609
2456,42,119,42119,Union,Union County,0.08638860822059216,914484
2457,13,109,13109,Evans,Evans County,0.07455700745495693,537763
2458,13,087,13087,Decatur,Decatur County,0.053857078890271165,1793339
2459,28,043,28043,Grenada,Grenada County,0.05827312429249222,1293272
2460,28,039,28039,George,George County,0.04312583253462698,1391834
2461,13,013,13013,Barrow,Barrow County,0.2603007037747921,468900
2462,28,155,28155,Webster,Webster County,0.04162414376040152,1217971
2463,25,001,25001,Barnstable,Barnstable County,0.34746851034287835,1294949
2464,21,107,21107,Hopkins,Hopkins County,0.061148396251485417,1595512
2465,21,101,21101,Henderson,Henderson County,0.0651516800090622,1341838
2466,28,087,28087,Lowndes,Lowndes County,0.10341820765456752,1486276
2467,13,007,13007,Baker,Baker County,0.03709004340292465,1004771
2468,10,001,10001,Kent,Kent County,0.13209322272248655,1720868
2469,28,125,28125,Sharkey,Sharkey County,0.037921448143619606,1252141
2470,50,021,50021,Rutland,Rutland County,0.05499023318612925,2718901
2471,21,229,21229,Washington,Washington County,0.047648931752111115,866840
2472,21,159,21159,Martin,Martin County,0.050568841071078764,663630
2473,21,171,21171,Monroe,Monroe County,0.054084373799813935,955581
2474,28,133,28133,Sunflower,Sunflower County,0.049362483588357924,2034379
2475,28,151,28151,Washington,Washington County,0.059472253479014074,2190635
2476,13,255,13255,Spalding,Spalding County,0.1562294896458074,574405
2477,50,005,50005,Caledonia,Caledonia County,0.06319214006338557,1892229
2478,10,003,10003,New Castle,New Castle County,0.38276023293707934,1287558
2479,28,095,28095,Monroe,Monroe County,0.05518980778889723,2221932
2480,42,013,42013,Blair,Blair County,0.12026836186128571,1516758
2481,13,169,13169,Jones,Jones County,0.05574977194952834,1137906
2482,13,055,13055,Chattooga,Chattooga County,0.07112166177368608,902313
2483,13,251,13251,Screven,Screven County,0.04259933000295104,1887471
2484,13,037,13037,Calhoun,Calhoun County,0.03352523522073619,816042
2485,13,089,13089,DeKalb,DeKalb County,0.6584575003908923,780266
2486,13,159,13159,Jasper,Jasper County,0.04846657734107489,1074720
2487,13,277,13277,Tift,Tift County,0.11621662501729106,773521
2488,13,175,13175,Laurens,Laurens County,0.06636706950243804,2355385
2489,13,297,13297,Walton,Walton County,0.1457985179849903,949653
2490,13,317,13317,Wilkes,Wilkes County,0.03584794747265667,1364318
2491,28,053,28053,Humphreys,Humphreys County,0.04442664535072989,1241012
2492,50,015,50015,Lamoille,Lamoille County,0.05267981732367493,1334382
2493,28,019,28019,Choctaw,Choctaw County,0.04193623943607184,1208239
2494,50,025,50025,Windham,Windham County,0.061325994033989105,2296677
2495,13,249,13249,Schley,Schley County,0.04295431251358822,482955
2496,28,025,28025,Clay,Clay County,0.046919559548053935,1197134
2497,13,043,13043,Candler,Candler County,0.06067351088073641,716128
2498,42,109,42109,Snyder,Snyder County,0.08903204302450263,954061
2499,50,011,50011,Franklin,Franklin County,0.05857629849259152,1991232
2500,42,039,42039,Crawford,Crawford County,0.0730744033942856,2985724
2501,13,221,13221,Oglethorpe,Oglethorpe County,0.04746167494314425,1272079
2502,21,199,21199,Pulaski,Pulaski County,0.09217899026370063,1948687
2503,28,047,28047,Harrison,Harrison County,0.1857504412558294,1697428
2504,13,069,13069,Coffee,Coffee County,0.07098482821610451,1734272
2505,21,169,21169,Metcalfe,Metcalfe County,0.053865118821168,837982
2506,28,061,28061,Jasper,Jasper County,0.03983549386974615,1949593
2507,28,149,28149,Warren,Warren County,0.05898050275422122,1779995
2508,21,017,21017,Bourbon,Bourbon County,0.050109285579785626,839086
2509,13,075,13075,Cook,Cook County,0.07738604360070929,671090
2510,25,003,25003,Berkshire,Berkshire County,0.07965860179621041,2723623
2511,28,029,28029,Copiah,Copiah County,0.0412597532171908,2243106
2512,28,141,28141,Tishomingo,Tishomingo County,0.06229655825821037,1279236
2513,42,063,42063,Indiana,Indiana County,0.0797525237652741,2400877
2514,13,027,13027,Brooks,Brooks County,0.04304916833502263,1432548
2515,28,109,28109,Pearl River,Pearl River County,0.06059952848362847,2356652
2516,50,003,50003,Bennington,Bennington County,0.05080772076752318,1950117
2517,28,119,28119,Quitman,Quitman County,0.04191239460558421,1169654
2518,21,127,21127,Lawrence,Lawrence County,0.048903867423424584,1208841
2519,28,089,28089,Madison,Madison County,0.09992036239793504,2134670
2520,13,263,13263,Talbot,Talbot County,0.03522391370559269,1136018
2521,21,183,21183,Ohio,Ohio County,0.0471851790979448,1715793
2522,13,287,13287,Turner,Turner County,0.05601437986818454,834500
2523,31,021,31021,Burt,Burt County,0.03852013012026966,1430369
2524,20,113,20113,McPherson,McPherson County,0.05372811713714991,2591697
2525,20,137,20137,Norton,Norton County,0.035879947258681655,2536152
2526,31,013,31013,Box Butte,Box Butte County,0.02533870100913122,3101777
2527,20,005,20005,Atchison,Atchison County,0.052547219685682704,1248420
2528,20,145,20145,Pawnee,Pawnee County,0.04298181228778009,2171686
2529,31,017,31017,Brown,Brown County,0.010280584568912336,3525675
2530,31,007,31007,Banner,Banner County,0.02472915027445795,2147870
2531,31,139,31139,Pierce,Pierce County,0.04107399451354921,1653528
2532,31,035,31035,Clay,Clay County,0.05449197212965768,1650500
2533,37,027,37027,Caldwell,Caldwell County,0.12573099415204678,1364922
2534,31,051,31051,Dixon,Dixon County,0.039625591983920634,1389607
2535,31,159,31159,Seward,Seward County,0.047779953357449084,1657285
2536,31,095,31095,Jefferson,Jefferson County,0.041663698779806135,1656622
2537,31,099,31099,Kearney,Kearney County,0.04207062243847288,1485930
2538,20,099,20099,Labette,Labette County,0.058605770663170846,1879576
2539,20,127,20127,Morris,Morris County,0.03573695638417364,2022752
2540,56,031,56031,Platte,Platte County,0.010991505650909398,6074509
2541,56,029,56029,Park,Park County,0.006261417471122289,20050412
2542,31,111,31111,Lincoln,Lincoln County,0.024158284961077293,7410584
2543,31,097,31097,Johnson,Johnson County,0.042417858519820766,1084166
2544,20,105,20105,Lincoln,Lincoln County,0.03269537787767268,2073290
2545,31,173,31173,Thurston,Thurston County,0.04030056322706297,1139860
2546,37,001,37001,Alamance,Alamance County,0.1800671931892139,1250722
2547,37,199,37199,Yancey,Yancey County,0.05464004917548948,901262
2548,31,079,31079,Hall,Hall County,0.08753658869679103,1588947
2549,20,071,20071,Greeley,Greeley County,0.02814874932144796,2240064
2550,31,117,31117,McPherson,McPherson County,0.004247449489817152,2474897
2551,20,183,20183,Smith,Smith County,0.03729905256013314,2581272
2552,31,009,31009,Blaine,Blaine County,0.0037593454613735525,2055677
2553,31,107,31107,Knox,Knox County,0.03231462696724176,3279846
2554,31,167,31167,Stanton,Stanton County,0.03709625272215221,1240287
2555,31,075,31075,Grant,Grant County,0.004052452057371435,2253944
2556,31,027,31027,Cedar,Cedar County,0.03957786099714779,2146402
2557,56,015,56015,Goshen,Goshen County,0.014130426660456288,6423656
2558,31,003,31003,Antelope,Antelope County,0.03868331277999455,2470807
2559,20,197,20197,Wabaunsee,Wabaunsee County,0.03128044588638866,2301214
2560,31,143,31143,Polk,Polk County,0.040237240739733095,1268079
2561,56,045,56045,Weston,Weston County,0.005749340676921919,6906705
2562,31,131,31131,Otoe,Otoe County,0.048739377883546806,1781660
2563,20,133,20133,Neosho,Neosho County,0.05178061842773934,1662765
2564,20,027,20027,Clay,Clay County,0.04026171519496923,1886631
2565,20,081,20081,Haskell,Haskell County,0.04743816015370137,1662965
2566,20,045,20045,Douglas,Douglas County,0.11059317070313644,1365880
2567,31,169,31169,Thayer,Thayer County,0.04335418538889557,1654673
2568,31,175,31175,Valley,Valley County,0.03252705054490942,1641649
2569,20,017,20017,Chase,Chase County,0.023294239283465894,2238107
2570,20,097,20097,Kiowa,Kiowa County,0.03648259922355561,2080252
2571,20,059,20059,Franklin,Franklin County,0.05704923678853283,1660811
2572,31,059,31059,Fillmore,Fillmore County,0.044923672611043436,1659103
2573,37,111,37111,McDowell,McDowell County,0.08393010330853794,1283437
2574,31,069,31069,Garden,Garden County,0.010919177129815725,4981053
2575,56,027,56027,Niobrara,Niobrara County,0.00438116520773279,7562600
2576,20,091,20091,Johnson,Johnson County,0.4608815472876053,1381049
2577,20,063,20063,Gove,Gove County,0.03154506729990461,3084254
2578,20,089,20089,Jewell,Jewell County,0.038203401837277925,2631284
2579,20,181,20181,Sherman,Sherman County,0.036030973925870756,3039718
2580,56,011,56011,Crook,Crook County,0.005887337276900951,8245833
2581,20,117,20117,Marshall,Marshall County,0.040202455869711363,2604617
2582,31,081,31081,Hamilton,Hamilton County,0.046572568221796035,1574167
2583,31,093,31093,Howard,Howard County,0.03699618573617465,1656414
2584,20,163,20163,Rooks,Rooks County,0.03535661145459338,2576067
2585,20,151,20151,Pratt,Pratt County,0.041532058475687396,2117256
2586,31,137,31137,Phelps,Phelps County,0.046269498383801885,1555193
2587,37,095,37095,Hyde,Hyde County,0.016559095576634812,2033384
2588,37,163,37163,Sampson,Sampson County,0.05563988603821266,2724071
2589,31,101,31101,Keith,Keith County,0.023904738017335562,3193551
2590,31,001,31001,Adams,Adams County,0.06236092934456266,1623725
2591,20,057,20057,Ford,Ford County,0.04225845064678108,3162894
2592,37,117,37117,Martin,Martin County,0.05275236783672449,1328111
2593,37,115,37115,Madison,Madison County,0.05208814490450763,1298952
2594,37,129,37129,New Hanover,New Hanover County,0.37839736950215,630451
2595,20,083,20083,Hodgeman,Hodgeman County,0.030917591461259605,2475775
2596,20,175,20175,Seward,Seward County,0.045544569498117686,1842942
2597,20,161,20161,Riley,Riley County,0.07464049928683684,1789913
2598,20,143,20143,Ottawa,Ottawa County,0.036637363134972074,2075859
2599,31,055,31055,Douglas,Douglas County,0.47983146815198585,976670
2600,37,099,37099,Jackson,Jackson County,0.09992235561130025,1423155
2601,20,141,20141,Osborne,Osborne County,0.03290246677193549,2573728
2602,20,187,20187,Stanton,Stanton County,0.02866517882221961,1958090
2603,31,031,31031,Cherry,Cherry County,0.003808377783489551,17293715
2604,37,067,37067,Forsyth,Forsyth County,0.39379676298670135,1187638
2605,37,077,37077,Granville,Granville County,0.07093804466028095,1543967
2606,31,019,31019,Buffalo,Buffalo County,0.0564502137358838,2806969
2607,20,003,20003,Anderson,Anderson County,0.042388489722541355,1679890
2608,31,165,31165,Sioux,Sioux County,0.006109082034155391,5949339
2609,31,185,31185,York,York County,0.05132455626354382,1657121
2610,31,109,31109,Lancaster,Lancaster County,0.13555347900738443,2435666
2611,20,109,20109,Logan,Logan County,0.02214607406678212,3088132
2612,20,179,20179,Sheridan,Sheridan County,0.032784857587200435,2579087
2613,31,179,31179,Wayne,Wayne County,0.04423349894932214,1275843
2614,37,135,37135,Orange,Orange County,0.1348420682816067,1155626
2615,20,051,20051,Ellis,Ellis County,0.04839486542187367,2591060
2616,20,067,20067,Grant,Grant County,0.039223990792291864,1655135
2617,31,087,31087,Hitchcock,Hitchcock County,0.027966038164745372,2067615
2618,20,085,20085,Jackson,Jackson County,0.04088620214770317,1893744
2619,20,159,20159,Rice,Rice County,0.04714645291775004,2094919
2620,31,127,31127,Nemaha,Nemaha County,0.043198726699353256,1178669
2621,37,151,37151,Randolph,Randolph County,0.11083005330657952,2271577
2622,31,171,31171,Thomas,Thomas County,0.0038392211128434,2053802
2623,20,103,20103,Leavenworth,Leavenworth County,0.09046551330651974,1349564
2624,31,089,31089,Holt,Holt County,0.022019822166552943,6956959
2625,20,075,20075,Hamilton,Hamilton County,0.024740251394225393,2870949
2626,31,083,31083,Harlan,Harlan County,0.038221017503993586,1652023
2627,20,019,20019,Chautauqua,Chautauqua County,0.025710356037635586,1855478
2628,20,171,20171,Scott,Scott County,0.03158056806869812,2065384
2629,31,053,31053,Dodge,Dodge County,0.06441840478312927,1562659
2630,31,045,31045,Dawes,Dawes County,0.015455373616264763,4031931
2631,31,065,31065,Furnas,Furnas County,0.0355058574490502,2073855
2632,20,047,20047,Edwards,Edwards County,0.03940774411113011,1789902
2633,20,069,20069,Gray,Gray County,0.03202485078853925,2501651
2634,20,009,20009,Barton,Barton County,0.05152139615872694,2591797
2635,37,069,37069,Franklin,Franklin County,0.07741865212518138,1423055
2636,20,039,20039,Decatur,Decatur County,0.031454565239357364,2573140
2637,20,007,20007,Barber,Barber County,0.0215946112260415,3269612
2638,31,151,31151,Saline,Saline County,0.047858850938979874,1658502
2639,20,177,20177,Shawnee,Shawnee County,0.16826491056817022,1599151
2640,31,037,31037,Colfax,Colfax County,0.045491328708199434,1198668
2641,37,107,37107,Lenoir,Lenoir County,0.09456855174032015,1159212
2642,20,101,20101,Lane,Lane County,0.02459262473053092,2065172
2643,20,049,20049,Elk,Elk County,0.02701882647940081,1871991
2644,31,011,31011,Boone,Boone County,0.035044952115125955,1977660
2645,20,155,20155,Reno,Reno County,0.06001812721502494,3660794
2646,31,063,31063,Frontier,Frontier County,0.025372609905607028,2820443
2647,20,185,20185,Stafford,Stafford County,0.040472676659229365,2287568
2648,20,025,20025,Clark,Clark County,0.031411002278746776,2812072
2649,31,135,31135,Perkins,Perkins County,0.03211633118760844,2545216
2650,20,011,20011,Bourbon,Bourbon County,0.046557226228078424,1839113
2651,37,093,37093,Hoke,Hoke County,0.09793698457831752,1128930
2652,19,161,19161,Sac,Sac County,0.051511200307647935,1664240
2653,37,189,37189,Watauga,Watauga County,0.12238952239262647,902038
2654,37,011,37011,Avery,Avery County,0.09623723243814576,711471
2655,37,015,37015,Bertie,Bertie County,0.03358183002630277,2041610
2656,19,013,19013,Black Hawk,Black Hawk County,0.1305959236178953,1648030
2657,19,099,19099,Jasper,Jasper County,0.058428212804995126,2109255
2658,37,159,37159,Rowan,Rowan County,0.15356806985151378,1506739
2659,37,149,37149,Polk,Polk County,0.09604086026831304,686437
2660,19,103,19103,Johnson,Johnson County,0.10337841794016044,1793295
2661,19,153,19153,Polk,Polk County,0.2993270888589295,1702305
2662,19,181,19181,Warren,Warren County,0.06270935897894335,1649977
2663,19,113,19113,Linn,Linn County,0.14937363096434308,2084953
2664,19,095,19095,Iowa,Iowa County,0.04845658639070474,1690668
2665,19,163,19163,Scott,Scott County,0.17419058447727165,1347392
2666,37,039,37039,Cherokee,Cherokee County,0.081086413502738,1343135
2667,37,017,37017,Bladen,Bladen County,0.043641052577566314,2553009
2668,37,087,37087,Haywood,Haywood County,0.1053976635519874,1596098
2669,37,083,37083,Halifax,Halifax County,0.055629060389607306,2104170
2670,19,047,19047,Crawford,Crawford County,0.047706636912687755,2057764
2671,37,049,37049,Craven,Craven County,0.08694189923487747,2105153
2672,37,033,37033,Caswell,Caswell County,0.048707258212411814,1232342
2673,37,053,37053,Currituck,Currituck County,0.06729080847168477,841155
2674,37,043,37043,Clay,Clay County,0.06496376463472452,634877
2675,45,003,45003,Aiken,Aiken County,0.10686121763178416,3109725
2676,19,069,19069,Franklin,Franklin County,0.04976589283147088,1676369
2677,19,067,19067,Floyd,Floyd County,0.05710343183357094,1442873
2678,19,187,19187,Webster,Webster County,0.062272678026961355,2067552
2679,19,137,19137,Montgomery,Montgomery County,0.050119400032210625,1223199
2680,19,159,19159,Ringgold,Ringgold County,0.0393062577383409,1550720
2681,37,079,37079,Greene,Greene County,0.052946286716077984,766626
2682,37,101,37101,Johnston,Johnston County,0.11248669889799605,2289284
2683,37,047,37047,Columbus,Columbus County,0.0507163096171617,2744344
2684,37,137,37137,Pamlico,Pamlico County,0.04051668501575491,1053640
2685,37,035,37035,Catawba,Catawba County,0.2334057872343287,1189722
2686,37,061,37061,Duplin,Duplin County,0.058024869915893604,2364624
2687,37,123,37123,Montgomery,Montgomery County,0.0586280826452233,1444052
2688,37,007,37007,Anson,Anson County,0.054377369159631296,1545643
2689,37,171,37171,Surry,Surry County,0.11878960112326425,1543359
2690,37,127,37127,Nash,Nash County,0.10383393536012128,1561946
2691,19,133,19133,Monona,Monona County,0.04582309002100449,2011475
2692,37,075,37075,Graham,Graham County,0.0385872351209847,868085
2693,19,003,19003,Adams,Adams County,0.04018885306310456,1224444
2694,45,077,45077,Pickens,Pickens County,0.15478129504605387,1473492
2695,37,147,37147,Pitt,Pitt County,0.11059649107911364,1884454
2696,37,085,37085,Harnett,Harnett County,0.10360520716187024,1730386
2697,37,081,37081,Guilford,Guilford County,0.34564574926275043,1892507
2698,37,029,37029,Camden,Camden County,0.03012501925384123,707651
2699,20,013,20013,Brown,Brown County,0.04622964601716155,1646238
2700,20,065,20065,Graham,Graham County,0.030136427008882485,2586438
2701,20,021,20021,Cherokee,Cherokee County,0.05777858519013679,1700907
2702,37,139,37139,Pasquotank,Pasquotank County,0.09856551150150514,668043
2703,37,191,37191,Wayne,Wayne County,0.11881858488534994,1602485
2704,37,109,37109,Lincoln,Lincoln County,0.16196016296966953,883600
2705,37,193,37193,Wilkes,Wilkes County,0.07447528401552456,2178226
2706,37,185,37185,Warren,Warren County,0.05274038250715713,1277048
2707,19,001,19001,Adair,Adair County,0.04416961991995749,1641128
2708,37,041,37041,Chowan,Chowan County,0.06784077723366178,508470
2709,37,089,37089,Henderson,Henderson County,0.21033389051206422,1079845
2710,37,063,37063,Durham,Durham County,0.34992872025441385,857186
2711,19,007,19007,Appanoose,Appanoose County,0.04636646897156139,1485621
2712,37,175,37175,Transylvania,Transylvania County,0.08479783165361982,1095028
2713,19,019,19019,Buchanan,Buchanan County,0.05761634255730803,1649289
2714,19,129,19129,Mills,Mills County,0.05247252877243398,1268054
2715,45,045,45045,Greenville,Greenville County,0.2847592484108734,2287420
2716,19,127,19127,Marshall,Marshall County,0.06526544246473195,1649510
2717,19,183,19183,Washington,Washington County,0.05382164868513471,1642982
2718,45,055,45055,Kershaw,Kershaw County,0.08284799881351373,2130661
2719,19,039,19039,Clarke,Clarke County,0.04328744764621234,1242508
2720,19,065,19065,Fayette,Fayette County,0.051422283084367665,2104574
2721,19,085,19085,Harrison,Harrison County,0.046890709521870876,2019078
2722,19,165,19165,Shelby,Shelby County,0.04543707690861226,1701760
2723,19,155,19155,Pottawattamie,Pottawattamie County,0.0798890476188751,2760103
2724,19,125,19125,Marion,Marion County,0.059846692187514275,1641795
2725,45,067,45067,Marion,Marion County,0.07013353980701462,1421973
2726,19,185,19185,Wayne,Wayne County,0.03920455781411601,1517043
2727,19,177,19177,Van Buren,Van Buren County,0.04084579081072427,1411602
2728,19,107,19107,Keokuk,Keokuk County,0.046280988764260386,1668871
2729,19,171,19171,Tama,Tama County,0.04746198267564966,2078000
2730,45,017,45017,Calhoun,Calhoun County,0.062014117538735584,1129517
2731,19,033,19033,Cerro Gordo,Cerro Gordo County,0.078392679982454,1655078
2732,19,049,19049,Dallas,Dallas County,0.08807776514475255,1702768
2733,19,147,19147,Palo Alto,Palo Alto County,0.045631956649091976,1638720
2734,45,001,45001,Abbeville,Abbeville County,0.06418585800337563,1470542
2735,45,041,45041,Florence,Florence County,0.10789101299496362,2312973
2736,45,091,45091,York,York County,0.17299352165740095,2002364
2737,19,173,19173,Taylor,Taylor County,0.041049522132061186,1538605
2738,19,191,19191,Winneshiek,Winneshiek County,0.04838280877083799,1986036
2739,19,009,19009,Audubon,Audubon County,0.042443810538854584,1276040
2740,19,091,19091,Humboldt,Humboldt County,0.04779008257079776,1253712
2741,19,141,19141,O'Brien,O'Brien County,0.05236485360112558,1649637
2742,19,105,19105,Jones,Jones County,0.050168895826595866,1660491
2743,19,169,19169,Story,Story County,0.09147002630217578,1650814
2744,19,037,19037,Chickasaw,Chickasaw County,0.05064298461963472,1455167
2745,19,035,19035,Cherokee,Cherokee County,0.04832635403757378,1660626
2746,19,025,19025,Calhoun,Calhoun County,0.05084610904028683,1646419
2747,19,087,19087,Henry,Henry County,0.06226956654631593,1256328
2748,19,175,19175,Union,Union County,0.04938246416953795,1225354
2749,19,041,19041,Clay,Clay County,0.05085402053921976,1647677
2750,19,197,19197,Wright,Wright County,0.0495490387530647,1675532
2751,45,015,45015,Berkeley,Berkeley County,0.08549728114303935,3537516
2752,19,061,19061,Dubuque,Dubuque County,0.09291948623389973,1774504
2753,19,189,19189,Winnebago,Winnebago County,0.051226025104385356,1156053
2754,19,117,19117,Lucas,Lucas County,0.04319612443594016,1250089
2755,19,193,19193,Woodbury,Woodbury County,0.08199009071960062,2525915
2756,19,089,19089,Howard,Howard County,0.04444501511460687,1362920
2757,19,063,19063,Emmet,Emmet County,0.045683232762713764,1158390
2758,19,071,19071,Fremont,Fremont County,0.04703244994895015,1486782
2759,19,157,19157,Poweshiek,Poweshiek County,0.05257316057973489,1686564
2760,19,131,19131,Mitchell,Mitchell County,0.050327278647519604,1351295
2761,19,079,19079,Hamilton,Hamilton County,0.054400823151744535,1661905
2762,19,027,19027,Carroll,Carroll County,0.0569165880635357,1641156
2763,19,057,19057,Des Moines,Des Moines County,0.09997873429430605,1236733
2764,19,135,19135,Monroe,Monroe County,0.0420100428533481,1249844
2765,19,151,19151,Pocahontas,Pocahontas County,0.0462162189754458,1665173
2766,19,123,19123,Mahaska,Mahaska County,0.057515363913090645,1650133
2767,19,073,19073,Greene,Greene County,0.04548192038154565,1643840
2768,19,115,19115,Louisa,Louisa County,0.046006180767044345,1201469
2769,19,055,19055,Delaware,Delaware County,0.05120205321998048,1666066
2770,19,029,19029,Cass,Cass County,0.050772052582242794,1625796
2771,19,051,19051,Davis,Davis County,0.04031292782024959,1452859
2772,19,017,19017,Bremer,Bremer County,0.0650065360820992,1264519
2773,19,031,19031,Cedar,Cedar County,0.05206209638603142,1674558
2774,19,101,19101,Jefferson,Jefferson County,0.0552434464376476,1257217
2775,45,059,45059,Laurens,Laurens County,0.09193735846918931,2083027
2776,19,195,19195,Worth,Worth County,0.04969905298085386,1156682
2777,19,075,19075,Grundy,Grundy County,0.049498897401190185,1444315
2778,19,093,19093,Ida,Ida County,0.04578251235588156,1243335
2779,45,025,45025,Chesterfield,Chesterfield County,0.07117908431112013,2318757
2780,45,065,45065,McCormick,McCormick County,0.05425617979114119,1133493
2781,51,017,51017,Bath,Bath County,0.03308266473567994,1538419
2782,51,830,51830,Williamsburg,Williamsburg city,0.5012804342009708,26163
2783,29,189,29189,St. Louis,St. Louis County,0.6354645797358737,1505113
2784,51,027,51027,Buchanan,Buchanan County,0.05390256501861123,1449931
2785,01,089,01089,Madison,Madison County,0.22680750902712304,2338785
2786,01,039,01039,Covington,Covington County,0.0549235179575581,3003777
2787,01,129,01129,Washington,Washington County,0.028537873702080278,3132609
2788,23,031,23031,York,York County,0.1085629438005598,2947129
2789,01,085,01085,Lowndes,Lowndes County,0.03021879801512713,2086582
2790,33,007,33007,Coos,Coos County,0.028134777527505997,5264943
2791,23,009,23009,Hancock,Hancock County,0.03787048592037659,5049922
2792,29,061,29061,Daviess,Daviess County,0.04376148351960373,1637673
2793,45,021,45021,Cherokee,Cherokee County,0.12206766644298414,1142989
2794,29,007,29007,Audrain,Audrain County,0.046654140324946865,2005374
2795,45,013,45013,Beaufort,Beaufort County,0.12277584613828663,2036842
2796,45,071,45071,Newberry,Newberry County,0.06531164205962595,1862746
2797,45,023,45023,Chester,Chester County,0.05920946156240274,1686825
2798,45,005,45005,Allendale,Allendale County,0.04517664703453738,1186830
2799,45,061,45061,Lee,Lee County,0.056962752653281955,1183440
2800,45,051,45051,Horry,Horry County,0.15794813853215545,3297747
2801,29,185,29185,St. Clair,St. Clair County,0.0342452972606435,2020365
2802,51,117,51117,Mecklenburg,Mecklenburg County,0.05877062435698766,1954667
2803,51,193,51193,Westmoreland,Westmoreland County,0.06954409443992228,701483
2804,51,043,51043,Clarke,Clarke County,0.06407507329548999,512992
2805,51,067,51067,Franklin,Franklin County,0.06362152228894687,2047719
2806,51,680,51680,Lynchburg,Lynchburg city,0.5686220990453794,142884
2807,51,137,51137,Orange,Orange County,0.0744876317934026,987815
2808,01,001,01001,Autauga,Autauga County,0.06016982918764521,1739277
2809,45,053,45053,Jasper,Jasper County,0.04653850726518038,1934570
2810,45,027,45027,Clarendon,Clarendon County,0.05642375333170827,2001976
2811,45,009,45009,Bamberg,Bamberg County,0.05838686326324075,1138304
2812,45,075,45075,Orangeburg,Orangeburg County,0.08128238022704978,3245808
2813,45,073,45073,Oconee,Oconee County,0.12091075688660322,1938256
2814,19,081,19081,Hancock,Hancock County,0.05053912564680827,1649059
2815,45,011,45011,Barnwell,Barnwell County,0.056999684471377314,1603658
2816,45,033,45033,Dillon,Dillon County,0.07263368137310622,1170077
2817,45,079,45079,Richland,Richland County,0.21720795858065434,2220798
2818,45,019,45019,Charleston,Charleston County,0.1409757951306858,2949861
2819,29,115,29115,Linn,Linn County,0.04567091529730721,1788184
2820,51,047,51047,Culpeper,Culpeper County,0.08385398404528799,1100866
2821,45,057,45057,Lancaster,Lancaster County,0.09694936601097713,1597504
2822,45,089,45089,Williamsburg,Williamsburg County,0.04966935553254675,2696552
2823,45,031,45031,Darlington,Darlington County,0.09495352129168079,1631177
2824,45,007,45007,Anderson,Anderson County,0.18403103542088073,2179703
2825,19,005,19005,Allamakee,Allamakee County,0.0404540764762602,1895804
2826,45,039,45039,Fairfield,Fairfield County,0.04712973219840687,2042893
2827,45,063,45063,Lexington,Lexington County,0.2082979631838592,2180511
2828,45,043,45043,Georgetown,Georgetown County,0.07452527533153792,2508612
2829,45,035,45035,Dorchester,Dorchester County,0.10764213472602,1657037
2830,19,083,19083,Hardin,Hardin County,0.05738263584832734,1640322
2831,19,015,19015,Boone,Boone County,0.05892109245234787,1650818
2832,45,087,45087,Union,Union County,0.05405560104726709,1485008
2833,29,217,29217,Vernon,Vernon County,0.042121601947996405,2408218
2834,19,045,19045,Clinton,Clinton County,0.06626296451965039,2043751
2835,45,085,45085,Sumter,Sumter County,0.10664710994998058,1962838
2836,45,081,45081,Saluda,Saluda County,0.06035549796878727,1329009
2837,45,047,45047,Greenwood,Greenwood County,0.11627604977897613,1332209
2838,45,049,45049,Hampton,Hampton County,0.04739652581921884,1619317
2839,19,059,19059,Dickinson,Dickinson County,0.06145485920842212,1162463
2840,19,077,19077,Guthrie,Guthrie County,0.045411345863806976,1706666
2841,51,071,51071,Giles,Giles County,0.054689737021479265,1037233
2842,23,007,23007,Franklin,Franklin County,0.031845615425382535,5017237
2843,51,165,51165,Rockingham,Rockingham County,0.07314821827160252,2455986
2844,01,093,01093,Marion,Marion County,0.0651015878994575,2139871
2845,29,057,29057,Dade,Dade County,0.036090688966001934,1457024
2846,51,001,51001,Accomack,Accomack County,0.05738398654709073,1621062
2847,51,009,51009,Amherst,Amherst County,0.0687411604461122,1378039
2848,29,063,29063,DeKalb,DeKalb County,0.04939608510054912,1225421
2849,51,171,51171,Shenandoah,Shenandoah County,0.07597875585516639,1473912
2850,01,011,01011,Bullock,Bullock County,0.027209500367981393,1799004
2851,29,131,29131,Miller,Miller County,0.05182497055004523,1726658
2852,29,091,29091,Howell,Howell County,0.045888447918144386,2671631
2853,33,001,33001,Belknap,Belknap County,0.09422397958010781,1348489
2854,23,005,23005,Cumberland,Cumberland County,0.14925042024410828,2740669
2855,29,163,29163,Pike,Pike County,0.040567403672969966,1970449
2856,29,059,29059,Dallas,Dallas County,0.0425300924088522,1562188
2857,29,013,29013,Bates,Bates County,0.03826576422151045,2450232
2858,29,041,29041,Chariton,Chariton County,0.04047285712537566,2206417
2859,29,133,29133,Mississippi,Mississippi County,0.04723249266120627,1233854
2860,23,021,23021,Piscataquis,Piscataquis County,0.019486169308265397,12598936
2861,01,117,01117,Shelby,Shelby County,0.14317589256356567,2329638
2862,51,670,51670,Hopewell,Hopewell city,0.7190335242262402,31082
2863,29,215,29215,Texas,Texas County,0.035345308214293714,3393548
2864,01,125,01125,Tuscaloosa,Tuscaloosa County,0.0901423750014144,3888604
2865,29,001,29001,Adair,Adair County,0.05201120911766034,1638666
2866,51,045,51045,Craig,Craig County,0.03717479933280852,951451
2867,23,011,23011,Kennebec,Kennebec County,0.08732180825801361,2737220
2868,01,109,01109,Pike,Pike County,0.047660353568601696,1936767
2869,29,181,29181,Ripley,Ripley County,0.03463154402772284,1817707
2870,29,225,29225,Webster,Webster County,0.0565813590387618,1708796
2871,51,079,51079,Greene,Greene County,0.08152323160738804,451540
2872,51,730,51730,Petersburg,Petersburg city,0.5424374156798081,66710
2873,29,183,29183,St. Charles,St. Charles County,0.22692068629865483,1705380
2874,29,209,29209,Stone,Stone County,0.07081738638265335,1469978
2875,29,137,29137,Monroe,Monroe County,0.03426318619578919,1928513
2876,23,029,23029,Washington,Washington County,0.032498569634316236,8165744
2877,23,015,23015,Lincoln,Lincoln County,0.06375212361241617,1485676
2878,29,101,29101,Johnson,Johnson County,0.062056671773096025,2397631
2879,51,109,51109,Louisa,Louisa County,0.06160197093657578,1470164
2880,51,049,51049,Cumberland,Cumberland County,0.04531600870404956,862587
2881,51,115,51115,Mathews,Mathews County,0.082851296719791,282482
2882,29,071,29071,Franklin,Franklin County,0.07689404009116244,2678296
2883,23,017,23017,Oxford,Oxford County,0.04199488816217579,6260762
2884,51,145,51145,Powhatan,Powhatan County,0.05290895268167213,755014
2885,29,211,29211,Sullivan,Sullivan County,0.03494415186681359,1874906
2886,51,083,51083,Halifax,Halifax County,0.04716355620300744,2387479
2887,51,011,51011,Appomattox,Appomattox County,0.047925296126734976,963270
2888,51,590,51590,Danville,Danville city,0.5279062596361394,126477
2889,23,025,23025,Somerset,Somerset County,0.029043535077942304,11778456
2890,29,119,29119,McDonald,McDonald County,0.05402147723950895,1553086
2891,51,023,51023,Botetourt,Botetourt County,0.06437598585336231,1570974
2892,29,139,29139,Montgomery,Montgomery County,0.045523280484511826,1555380
2893,33,013,33013,Merrimack,Merrimack County,0.0887951856254705,2752424
2894,29,159,29159,Pettis,Pettis County,0.056542181949277154,1974968
2895,29,105,29105,Laclede,Laclede County,0.04858412797231779,2210228
2896,51,003,51003,Albemarle,Albemarle County,0.07861111509913428,2089590
2897,23,001,23001,Androscoggin,Androscoggin County,0.10968298845673986,1430705
2898,29,011,29011,Barton,Barton County,0.04265229238600674,1717141
2899,29,075,29075,Gentry,Gentry County,0.042856113084393514,1415014
2900,29,219,29219,Warren,Warren County,0.06296688773262529,1259805
2901,29,055,29055,Crawford,Crawford County,0.0437459760953197,2140334
2902,29,510,29510,St. Louis,St. Louis city,0.9141789670323888,190035
2903,51,127,51127,New Kent,New Kent County,0.061783722760083475,643082
2904,33,015,33015,Rockingham,Rockingham County,0.20277451206411493,2090746
2905,29,145,29145,Newton,Newton County,0.0768914218274427,1803088
2906,29,135,29135,Moniteau,Moniteau County,0.047934722103546365,1205431
2907,51,037,51037,Charlotte,Charlotte County,0.04684198117326534,1374216
2908,29,121,29121,Macon,Macon County,0.043351519441883944,2337865
2909,51,033,51033,Caroline,Caroline County,0.05176444697597349,1544960
2910,29,029,29029,Camden,Camden County,0.08139988779869674,2039192
2911,33,003,33003,Carroll,Carroll County,0.055780618433104855,2855992
2912,29,195,29195,Saline,Saline County,0.04272552743103557,2206971
2913,29,199,29199,Scotland,Scotland County,0.036477313806624515,1264183
2914,01,035,01035,Conecuh,Conecuh County,0.03139210629158382,2453929
2915,29,087,29087,Holt,Holt County,0.0451596793484725,1353619
2916,29,017,29017,Bollinger,Bollinger County,0.03304565552054991,1787648
2917,33,017,33017,Strafford,Strafford County,0.14276574237552567,1105027
2918,29,117,29117,Livingston,Livingston County,0.0439214648876042,1549880
2919,29,043,29043,Christian,Christian County,0.08063678037216407,1622349
2920,29,141,29141,Morgan,Morgan County,0.054163938359982546,1766969
2921,29,221,29221,Washington,Washington County,0.046532771868420336,2194260
2922,51,750,51750,Radford,Radford city,0.47061225878909574,29383
2923,51,191,51191,Washington,Washington County,0.0756006023981734,1628823
2924,29,077,29077,Greene,Greene County,0.190679052086836,1950896
2925,51,107,51107,Loudoun,Loudoun County,0.22413648300961167,1500260
2926,29,027,29027,Callaway,Callaway County,0.05220989105356444,2438446
2927,01,041,01041,Crenshaw,Crenshaw County,0.038283983818637686,1758072
2928,29,089,29089,Howard,Howard County,0.036466394841813854,1356756
2929,29,201,29201,Scott,Scott County,0.0771465919884066,1225524
2930,29,103,29103,Knox,Knox County,0.03511249724901599,1458569
2931,29,167,29167,Polk,Polk County,0.050673563133832,1848676
2932,51,149,51149,Prince George,Prince George County,0.07853858871947123,811079
2933,29,197,29197,Schuyler,Schuyler County,0.04311349966509626,886822
2934,29,031,29031,Cape Girardeau,Cape Girardeau County,0.09485109305891146,1687329
2935,51,063,51063,Floyd,Floyd County,0.053839633990740404,1097240
2936,51,051,51051,Dickenson,Dickenson County,0.061812713300361276,960207
2937,33,005,33005,Cheshire,Cheshire County,0.07245522367074629,2098151
2938,29,129,29129,Mercer,Mercer County,0.03631635129171127,1309658
2939,29,177,29177,Ray,Ray County,0.05007683356119015,1651622
2940,29,173,29173,Ralls,Ralls County,0.044979431079753406,1392392
2941,29,079,29079,Grundy,Grundy County,0.047014333957652595,1260573
2942,33,009,33009,Grafton,Grafton County,0.0488912775949173,5034804
2943,29,033,29033,Carroll,Carroll County,0.04189463493615898,2018373
2944,29,179,29179,Reynolds,Reynolds County,0.035017203948715846,2343648
2945,23,013,23013,Knox,Knox County,0.08622566982101557,1176471
2946,51,141,51141,Patrick,Patrick County,0.05409650230116471,1398205
2947,29,095,29095,Jackson,Jackson County,0.4037635775865715,1773419
2948,51,075,51075,Goochland,Goochland County,0.07924713305707755,834251
2949,29,009,29009,Barry,Barry County,0.054615185235624635,2276290
2950,23,023,23023,Sagadahoc,Sagadahoc County,0.08630642345938816,858198
2951,01,105,01105,Perry,Perry County,0.03282014995624396,2083141
2952,01,055,01055,Etowah,Etowah County,0.15334783751516132,1578855
2953,51,073,51073,Gloucester,Gloucester County,0.08943862188482951,714367
2954,29,123,29123,Madison,Madison County,0.03547673233897273,1432009
2955,29,023,29023,Butler,Butler County,0.05813160383033345,2011522
2956,33,019,33019,Sullivan,Sullivan County,0.06818894326590276,1588498
2957,29,083,29083,Henry,Henry County,0.04365052439182363,2107489
2958,51,007,51007,Amelia,Amelia County,0.04029549708118125,1031753
2959,29,143,29143,New Madrid,New Madrid County,0.044756932458291515,2004628
2960,51,770,51770,Roanoke,Roanoke city,0.8627651294026075,123336
2961,51,810,51810,Virginia Beach,Virginia Beach city,0.3599808797360316,882833
2962,51,790,51790,Staunton,Staunton city,0.5074756304853089,57654
2963,29,113,29113,Lincoln,Lincoln County,0.06347247948833974,1843098
2964,29,165,29165,Platte,Platte County,0.14250541834862088,1228234
2965,29,169,29169,Pulaski,Pulaski County,0.07152534213169566,1586962
2966,51,197,51197,Wythe,Wythe County,0.0636052656376905,1337122
2967,29,187,29187,St. Francois,St. Francois County,0.08827125960300937,1308444
2968,29,155,29155,Pemiscot,Pemiscot County,0.0527814758238032,1477507
2969,29,125,29125,Maries,Maries County,0.03264731782514702,1525087
2970,29,227,29227,Worth,Worth County,0.037314317345576505,767775
2971,51,167,51167,Russell,Russell County,0.05782058570574773,1372020
2972,51,179,51179,Stafford,Stafford County,0.17642562890258742,802032
2973,29,213,29213,Taney,Taney County,0.06872942388477056,1875354
2974,29,019,29019,Boone,Boone County,0.10355704711485855,1988672
2975,51,710,51710,Norfolk,Norfolk city,0.8189280784639382,178222
2976,29,005,29005,Atchison,Atchison County,0.042475071231819386,1583211
2977,29,051,29051,Cole,Cole County,0.10018683122912303,1148095
2978,51,025,51025,Brunswick,Brunswick County,0.05316982401021384,1638561
2979,29,073,29073,Gasconade,Gasconade County,0.041794616335979536,1513616
2980,29,037,29037,Cass,Cass County,0.10872841762650158,2021615
2981,29,003,29003,Andrew,Andrew County,0.05582924524020152,1255883
2982,29,109,29109,Lawrence,Lawrence County,0.06251519098574695,1765027
2983,29,045,29045,Clark,Clark County,0.037008018890662416,1472897
2984,29,015,29015,Benton,Benton County,0.05127108723870249,2165587
2985,51,159,51159,Richmond,Richmond County,0.0454135762728307,566945
2986,29,107,29107,Lafayette,Lafayette County,0.05971670377456381,1838782
2987,51,183,51183,Sussex,Sussex County,0.04224186253115558,1418285
2988,29,065,29065,Dent,Dent County,0.035088826233651636,2171318
2989,29,053,29053,Cooper,Cooper County,0.04296953938182522,1637951
2990,51,087,51087,Henrico,Henrico County,0.4294140767448361,704751
2991,29,153,29153,Ozark,Ozark County,0.034319003342314885,2173344
2992,29,111,29111,Lewis,Lewis County,0.039650549978332846,1469967
2993,01,079,01079,Lawrence,Lawrence County,0.051313221559625026,2063932
2994,29,021,29021,Buchanan,Buchanan County,0.12309033160977817,1193270
2995,29,147,29147,Nodaway,Nodaway County,0.04542233868637409,2526290
2996,29,151,29151,Osage,Osage County,0.04457982091256756,1765283
2997,29,171,29171,Putnam,Putnam County,0.03956458294043611,1495302
2998,29,097,29097,Jasper,Jasper County,0.1165397705628855,1845473
2999,29,085,29085,Hickory,Hickory County,0.039411020535962196,1184897
3000,29,186,29186,Ste. Genevieve,Ste. Genevieve County,0.041224028848112,1458397
3001,51,061,51061,Fauquier,Fauquier County,0.07396980462759503,1874062
3002,29,161,29161,Phelps,Phelps County,0.05448309980365986,1940510
3003,29,067,29067,Douglas,Douglas County,0.034365599507228624,2344292
3004,29,025,29025,Caldwell,Caldwell County,0.044983387414551136,1236412
3005,29,149,29149,Oregon,Oregon County,0.027908626598099447,2277862
3006,29,207,29207,Stoddard,Stoddard County,0.04864458847658141,2385733
3007,51,131,51131,Northampton,Northampton County,0.040104575268310204,996794
3008,29,035,29035,Carter,Carter County,0.03657770672026018,1464854
3009,51,101,51101,King William,King William County,0.04684829352262428,822015
3010,29,205,29205,Shelby,Shelby County,0.040275871420506745,1445456
3011,51,530,51530,Buena Vista,Buena Vista city,0.4453833154094331,19527
3012,51,550,51550,Chesapeake,Chesapeake city,0.2235331869516257,1009689
3013,29,069,29069,Dunklin,Dunklin County,0.06515389857116638,1574641
3014,29,157,29157,Perry,Perry County,0.055558546162895274,1393251
3015,01,015,01015,Calhoun,Calhoun County,0.14924555725246294,1762029
3016,29,039,29039,Cedar,Cedar County,0.042029637971839465,1434916
3017,29,099,29099,Jefferson,Jefferson County,0.1405712426444702,1911657
3018,29,175,29175,Randolph,Randolph County,0.05661205206134937,1403959
3019,51,036,51036,Charles City,Charles City County,0.02833384235222256,576272
3020,29,081,29081,Harrison,Harrison County,0.04138204195033466,2090472
3021,29,093,29093,Iron,Iron County,0.031048304356090885,1588718
3022,29,223,29223,Wayne,Wayne County,0.032073935208379346,2227572
3023,30,061,30061,Mineral,Mineral County,0.006544931676037671,3520434
3024,30,081,30081,Ravalli,Ravalli County,0.01198849086345742,6907208
3025,30,021,30021,Dawson,Dawson County,0.011186239803749054,6858158
3026,30,071,30071,Phillips,Phillips County,0.0057661844700320755,14998653
3027,34,021,34021,Mercer,Mercer County,0.44814770393019865,658669
3028,30,059,30059,Meagher,Meagher County,0.004894194193395326,6891635
3029,22,039,22039,Evangeline,Evangeline Parish,0.059407201142463874,1955773
3030,30,019,30019,Daniels,Daniels County,0.012236357129335903,4104653
3031,34,011,34011,Cumberland,Cumberland County,0.13202247191011235,1445716
3032,53,041,53041,Lewis,Lewis County,0.04714922493418512,7010953
3033,22,029,22029,Concordia,Concordia Parish,0.027367819004861536,2150555
3034,49,033,49033,Rich,Rich County,0.008776307009850114,3126258
3035,30,015,30015,Chouteau,Chouteau County,0.012811362714974284,11501899
3036,30,043,30043,Jefferson,Jefferson County,0.01080774809779905,4774075
3037,22,073,22073,Ouachita,Ouachita Parish,0.14930386723313627,1818044
3038,30,065,30065,Musselshell,Musselshell County,0.004045539765012851,5383954
3039,34,039,34039,Union,Union County,0.8266661817027524,302428
3040,34,041,34041,Warren,Warren County,0.1263795936974452,1044148
3041,35,033,35033,Mora,Mora County,0.006113096234001331,5564447
3042,35,029,35029,Luna,Luna County,0.01988381547069242,8533322
3043,35,015,35015,Eddy,Eddy County,0.02359588131311271,12079481
3044,36,033,36033,Franklin,Franklin County,0.03129011402157922,4884514
3045,36,049,36049,Lewis,Lewis County,0.03213691809821727,3712117
3046,36,037,36037,Genesee,Genesee County,0.06986704719330038,1425393
3047,16,027,16027,Canyon,Canyon County,0.13583559268264456,1736857
3048,22,069,22069,Natchitoches,Natchitoches Parish,0.05394473806207371,3738233
3049,30,009,30009,Carbon,Carbon County,0.008478844593552822,5934535
3050,22,047,22047,Iberville,Iberville Parish,0.04918672358182263,1878820
3051,35,011,35011,De Baca,De Baca County,0.004188420716297216,6716374
3052,22,063,22063,Livingston,Livingston Parish,0.09417276758612649,1989864
3053,22,051,22051,Jefferson,Jefferson Parish,0.18954202110845328,1483671
3054,38,057,38057,Mercer,Mercer County,0.025246622007847674,3201458
3055,40,047,40047,Garfield,Garfield County,0.06585632331041247,3050641
3056,40,039,40039,Custer,Custer County,0.04709925305332658,2883740
3057,38,053,38053,McKenzie,McKenzie County,0.023577058410254568,8232664
3058,40,017,40017,Canadian,Canadian County,0.08744270642474661,2606095
3059,38,045,38045,LaMoure,LaMoure County,0.03598057855519112,3312009
3060,35,045,35045,San Juan,San Juan County,0.015359219183118776,15938180
3061,40,045,40045,Ellis,Ellis County,0.02877077062337751,3545091
3062,38,071,38071,Ramsey,Ramsey County,0.031131500921548202,3743700
3063,38,103,38103,Wells,Wells County,0.035738926192208656,3713402
3064,38,075,38075,Renville,Renville County,0.03946552551610426,2569103
3065,36,057,36057,Montgomery,Montgomery County,0.08266827922702123,1180731
3066,40,013,40013,Bryan,Bryan County,0.04402583331891441,2716337
3067,40,021,40021,Cherokee,Cherokee County,0.0484032903279809,2234063
3068,04,027,04012,"Yuma,La Paz","Yuma County,La Paz County",0.014794497185076565,28871478
3069,08,013,08013,"Boulder,Broomfield","Boulder County,Broomfield County",0.13623619781319937,2227455
3070,35,043,35028,"Los Alamos,Santa Fe,Sandoval","Los Alamos County,Santa Fe County,Sandoval County",0.025925285114829243,16506858
3071,35,061,35006,"Cibola,Valencia","Cibola County,Valencia County",0.010292918710279094,16144206
3072,51,005,51005,"Alleghany,Covington,Clifton Forge","Alleghany County,Covington city, Clifton Forge city",0.0583510037538014,1307741
3073,51,015,51015,"Augusta,Waynesboro","Augusta County,Waynesboro city",0.07915567468285645,2837674
3074,51,041,51041,"Colonial Heights,Chesterfield","Colonial Heights city,Chesterfield County",0.30537724468557215,1279912
3075,51,077,51077,"Grayson,Galax","Grayson County,Galax city",0.06404047915222677,1307142
3076,51,081,51081,"Greensville,Emporia","Greensville County,Emporia city",0.048929978448571707,874188
3077,51,153,51153,"Prince William,Manassas,Manassas Park","Prince William County,Manassas city,Manassas Park city",0.34334299743266855,1024410
3078,51,161,51161,"Roanoke,Salem","Roanoke County,Salem city",0.22537761191103325,765005
3079,51,163,51163,"Lexington,Rockbridge","Lexington city,Rockbridge County",0.06839434147824505,1736708
3080,51,175,51175,"Franklin,Southampton","Franklin city,Southampton County",0.050174606218450955,1757383
3081,51,195,51195,"Wise,Norton","Wise County,Norton city",0.08919271162210357,1187754
3082,51,199,51199,"York,Poquoson","York County,Poquoson city",0.23911381453280894,417249
3083,55,083,55078,"Shawano,Oconto,Menominee","Shawano County,Oconto County,Menominee County",0.047333730865961945,6594008
3084,51,019,51019,"Bedford,Bedford","Bedford city,Bedford County",0.0815804083094556,2233600
3085,51,059,51059,"Fairfax,Fairfax","Fairfax city,Fairfax County",0.563908346498269,1174205
3086,51,013,51013,"Falls Church,Arlington","Falls Church city,Arlington County",0.890020543028983,80806
